INFO:     Will watch for changes in these directories: ['/Users/quenteen/aiow/aiow-os/backend']
INFO:     Uvicorn running on http://0.0.0.0:8000 (Press CTRL+C to quit)
INFO:     Started reloader process [11494] using WatchFiles
INFO:     Started server process [11499]
INFO:     Waiting for application startup.
INFO:     Application startup complete.
INFO:     127.0.0.1:61434 - "GET /api/v1/auth/me HTTP/1.1" 401 Unauthorized
Redis 查询黑名单失败: Error 61 connecting to localhost:6379. Connection refused.
INFO:     127.0.0.1:61483 - "GET /api/v1/circuit-breaker/status HTTP/1.1" 200 OK
Redis 查询黑名单失败: Error 61 connecting to localhost:6379. Connection refused.
Redis 查询黑名单失败: Error 61 connecting to localhost:6379. Connection refused.
Redis 查询黑名单失败: Error 61 connecting to localhost:6379. Connection refused.
Redis 查询黑名单失败: Error 61 connecting to localhost:6379. Connection refused.
Redis 查询黑名单失败: Error 61 connecting to localhost:6379. Connection refused.
Redis 查询黑名单失败: Error 61 connecting to localhost:6379. Connection refused.
INFO:     127.0.0.1:61483 - "GET /api/v1/circuit-breaker/status HTTP/1.1" 200 OK
Redis 查询黑名单失败: Error 61 connecting to localhost:6379. Connection refused.
INFO:     127.0.0.1:61483 - "GET /api/v1/work-orders?status=pending&page_size=5 HTTP/1.1" 200 OK
Redis 查询黑名单失败: Error 61 connecting to localhost:6379. Connection refused.
INFO:     127.0.0.1:61511 - "GET /api/v1/dashboard/efficiency?days=30 HTTP/1.1" 200 OK
INFO:     127.0.0.1:61509 - "GET /api/v1/dashboard/agent-activity?days=7 HTTP/1.1" 200 OK
INFO:     127.0.0.1:61505 - "GET /api/v1/dashboard/sales-trend?days=30 HTTP/1.1" 200 OK
INFO:     127.0.0.1:61507 - "GET /api/v1/dashboard/inventory-trend?days=30 HTTP/1.1" 200 OK
Redis 查询黑名单失败: Error 61 connecting to localhost:6379. Connection refused.
Redis 查询黑名单失败: Error 61 connecting to localhost:6379. Connection refused.
Redis 查询黑名单失败: Error 61 connecting to localhost:6379. Connection refused.
Redis 查询黑名单失败: Error 61 connecting to localhost:6379. Connection refused.
INFO:     127.0.0.1:61483 - "GET /api/v1/alerts?status=active&page_size=5 HTTP/1.1" 200 OK
INFO:     127.0.0.1:61503 - "GET /api/v1/dashboard/overview?days=7 HTTP/1.1" 200 OK
Redis 查询黑名单失败: Error 61 connecting to localhost:6379. Connection refused.
INFO:     127.0.0.1:61507 - "GET /api/v1/dashboard/agent-activity?days=7 HTTP/1.1" 200 OK
Redis 查询黑名单失败: Error 61 connecting to localhost:6379. Connection refused.
INFO:     127.0.0.1:61505 - "GET /api/v1/dashboard/efficiency?days=30 HTTP/1.1" 200 OK
INFO:     127.0.0.1:61509 - "GET /api/v1/circuit-breaker/status HTTP/1.1" 200 OK
INFO:     127.0.0.1:61511 - "GET /api/v1/work-orders?status=pending&page_size=5 HTTP/1.1" 200 OK
Redis 查询黑名单失败: Error 61 connecting to localhost:6379. Connection refused.
Redis 查询黑名单失败: Error 61 connecting to localhost:6379. Connection refused.
INFO:     127.0.0.1:61483 - "GET /api/v1/dashboard/inventory-trend?days=30 HTTP/1.1" 200 OK
INFO:     127.0.0.1:61503 - "GET /api/v1/dashboard/sales-trend?days=30 HTTP/1.1" 200 OK
INFO:     127.0.0.1:61507 - "GET /api/v1/alerts?status=active&page_size=5 HTTP/1.1" 200 OK
INFO:     127.0.0.1:61505 - "GET /api/v1/dashboard/overview?days=7 HTTP/1.1" 200 OK
Redis 查询黑名单失败: Error 61 connecting to localhost:6379. Connection refused.
INFO:     127.0.0.1:61593 - "GET /api/v1/circuit-breaker/status HTTP/1.1" 200 OK
INFO:     127.0.0.1:61597 - "POST /api/v1/auth/login HTTP/1.1" 200 OK
Redis 查询黑名单失败: Error 61 connecting to localhost:6379. Connection refused.
INFO:     127.0.0.1:61603 - "POST /api/v1/agents HTTP/1.1" 500 Internal Server Error
ERROR:    Exception in ASGI application
Traceback (most recent call last):
  File "/Users/quenteen/aiow/aiow-os/backend/.venv/lib/python3.12/site-packages/sqlalchemy/dialects/postgresql/asyncpg.py", line 538, in _prepare_and_execute
    self._rows = deque(await prepared_stmt.fetch(*parameters))
                       ^^^^^^^^^^^^^^^^^^^^^^^^^^^^^^^^^^^^^^
  File "/Users/quenteen/aiow/aiow-os/backend/.venv/lib/python3.12/site-packages/asyncpg/prepared_stmt.py", line 176, in fetch
    data = await self.__bind_execute(args, 0, timeout)
           ^^^^^^^^^^^^^^^^^^^^^^^^^^^^^^^^^^^^^^^^^^^
  File "/Users/quenteen/aiow/aiow-os/backend/.venv/lib/python3.12/site-packages/asyncpg/prepared_stmt.py", line 241, in __bind_execute
    data, status, _ = await self.__do_execute(
                      ^^^^^^^^^^^^^^^^^^^^^^^^
  File "/Users/quenteen/aiow/aiow-os/backend/.venv/lib/python3.12/site-packages/asyncpg/prepared_stmt.py", line 230, in __do_execute
    return await executor(protocol)
           ^^^^^^^^^^^^^^^^^^^^^^^^
  File "asyncpg/protocol/protocol.pyx", line 207, in bind_execute
asyncpg.exceptions.UniqueViolationError: duplicate key value violates unique constraint "uk_agents_business_id"
DETAIL:  Key (business_id)=(2) already exists.

The above exception was the direct cause of the following exception:

Traceback (most recent call last):
  File "/Users/quenteen/aiow/aiow-os/backend/.venv/lib/python3.12/site-packages/sqlalchemy/engine/base.py", line 1967, in _exec_single_context
    self.dialect.do_execute(
  File "/Users/quenteen/aiow/aiow-os/backend/.venv/lib/python3.12/site-packages/sqlalchemy/engine/default.py", line 941, in do_execute
    cursor.execute(statement, parameters)
  File "/Users/quenteen/aiow/aiow-os/backend/.venv/lib/python3.12/site-packages/sqlalchemy/dialects/postgresql/asyncpg.py", line 572, in execute
    self._adapt_connection.await_(
  File "/Users/quenteen/aiow/aiow-os/backend/.venv/lib/python3.12/site-packages/sqlalchemy/util/_concurrency_py3k.py", line 132, in await_only
    return current.parent.switch(awaitable)  # type: ignore[no-any-return,attr-defined] # noqa: E501
           ^^^^^^^^^^^^^^^^^^^^^^^^^^^^^^^^
  File "/Users/quenteen/aiow/aiow-os/backend/.venv/lib/python3.12/site-packages/sqlalchemy/util/_concurrency_py3k.py", line 196, in greenlet_spawn
    value = await result
            ^^^^^^^^^^^^
  File "/Users/quenteen/aiow/aiow-os/backend/.venv/lib/python3.12/site-packages/sqlalchemy/dialects/postgresql/asyncpg.py", line 550, in _prepare_and_execute
    self._handle_exception(error)
  File "/Users/quenteen/aiow/aiow-os/backend/.venv/lib/python3.12/site-packages/sqlalchemy/dialects/postgresql/asyncpg.py", line 501, in _handle_exception
    self._adapt_connection._handle_exception(error)
  File "/Users/quenteen/aiow/aiow-os/backend/.venv/lib/python3.12/site-packages/sqlalchemy/dialects/postgresql/asyncpg.py", line 784, in _handle_exception
    raise translated_error from error
sqlalchemy.dialects.postgresql.asyncpg.AsyncAdapt_asyncpg_dbapi.IntegrityError: <class 'asyncpg.exceptions.UniqueViolationError'>: duplicate key value violates unique constraint "uk_agents_business_id"
DETAIL:  Key (business_id)=(2) already exists.

The above exception was the direct cause of the following exception:

Traceback (most recent call last):
  File "/Users/quenteen/aiow/aiow-os/backend/.venv/lib/python3.12/site-packages/uvicorn/protocols/http/httptools_impl.py", line 401, in run_asgi
    result = await app(  # type: ignore[func-returns-value]
             ^^^^^^^^^^^^^^^^^^^^^^^^^^^^^^^^^^^^^^^^^^^^^^
  File "/Users/quenteen/aiow/aiow-os/backend/.venv/lib/python3.12/site-packages/uvicorn/middleware/proxy_headers.py", line 70, in __call__
    return await self.app(scope, receive, send)
           ^^^^^^^^^^^^^^^^^^^^^^^^^^^^^^^^^^^^
  File "/Users/quenteen/aiow/aiow-os/backend/.venv/lib/python3.12/site-packages/fastapi/applications.py", line 1054, in __call__
    await super().__call__(scope, receive, send)
  File "/Users/quenteen/aiow/aiow-os/backend/.venv/lib/python3.12/site-packages/starlette/applications.py", line 113, in __call__
    await self.middleware_stack(scope, receive, send)
  File "/Users/quenteen/aiow/aiow-os/backend/.venv/lib/python3.12/site-packages/starlette/middleware/errors.py", line 187, in __call__
    raise exc
  File "/Users/quenteen/aiow/aiow-os/backend/.venv/lib/python3.12/site-packages/starlette/middleware/errors.py", line 165, in __call__
    await self.app(scope, receive, _send)
  File "/Users/quenteen/aiow/aiow-os/backend/.venv/lib/python3.12/site-packages/starlette/middleware/base.py", line 185, in __call__
    with collapse_excgroups():
         ^^^^^^^^^^^^^^^^^^^^
  File "/Users/quenteen/.local/share/uv/python/cpython-3.12.14-macos-x86_64-none/lib/python3.12/contextlib.py", line 158, in __exit__
    self.gen.throw(value)
  File "/Users/quenteen/aiow/aiow-os/backend/.venv/lib/python3.12/site-packages/starlette/_utils.py", line 83, in collapse_excgroups
    raise exc
  File "/Users/quenteen/aiow/aiow-os/backend/.venv/lib/python3.12/site-packages/starlette/middleware/base.py", line 187, in __call__
    response = await self.dispatch_func(request, call_next)
               ^^^^^^^^^^^^^^^^^^^^^^^^^^^^^^^^^^^^^^^^^^^^
  File "/Users/quenteen/aiow/aiow-os/backend/app/api/v1/monitoring.py", line 117, in metrics_middleware
    response = await call_next(request)
               ^^^^^^^^^^^^^^^^^^^^^^^^
  File "/Users/quenteen/aiow/aiow-os/backend/.venv/lib/python3.12/site-packages/starlette/middleware/base.py", line 163, in call_next
    raise app_exc
  File "/Users/quenteen/aiow/aiow-os/backend/.venv/lib/python3.12/site-packages/starlette/middleware/base.py", line 149, in coro
    await self.app(scope, receive_or_disconnect, send_no_error)
  File "/Users/quenteen/aiow/aiow-os/backend/app/main.py", line 72, in __call__
    await self.app(scope, receive, send)
  File "/Users/quenteen/aiow/aiow-os/backend/.venv/lib/python3.12/site-packages/starlette/middleware/cors.py", line 85, in __call__
    await self.app(scope, receive, send)
  File "/Users/quenteen/aiow/aiow-os/backend/.venv/lib/python3.12/site-packages/starlette/middleware/base.py", line 185, in __call__
    with collapse_excgroups():
         ^^^^^^^^^^^^^^^^^^^^
  File "/Users/quenteen/.local/share/uv/python/cpython-3.12.14-macos-x86_64-none/lib/python3.12/contextlib.py", line 158, in __exit__
    self.gen.throw(value)
  File "/Users/quenteen/aiow/aiow-os/backend/.venv/lib/python3.12/site-packages/starlette/_utils.py", line 83, in collapse_excgroups
    raise exc
  File "/Users/quenteen/aiow/aiow-os/backend/.venv/lib/python3.12/site-packages/starlette/middleware/base.py", line 187, in __call__
    response = await self.dispatch_func(request, call_next)
               ^^^^^^^^^^^^^^^^^^^^^^^^^^^^^^^^^^^^^^^^^^^^
  File "/Users/quenteen/aiow/aiow-os/backend/app/api/response.py", line 24, in dispatch
    response = await call_next(request)
               ^^^^^^^^^^^^^^^^^^^^^^^^
  File "/Users/quenteen/aiow/aiow-os/backend/.venv/lib/python3.12/site-packages/starlette/middleware/base.py", line 163, in call_next
    raise app_exc
  File "/Users/quenteen/aiow/aiow-os/backend/.venv/lib/python3.12/site-packages/starlette/middleware/base.py", line 149, in coro
    await self.app(scope, receive_or_disconnect, send_no_error)
  File "/Users/quenteen/aiow/aiow-os/backend/.venv/lib/python3.12/site-packages/starlette/middleware/exceptions.py", line 62, in __call__
    await wrap_app_handling_exceptions(self.app, conn)(scope, receive, send)
  File "/Users/quenteen/aiow/aiow-os/backend/.venv/lib/python3.12/site-packages/starlette/_exception_handler.py", line 62, in wrapped_app
    raise exc
  File "/Users/quenteen/aiow/aiow-os/backend/.venv/lib/python3.12/site-packages/starlette/_exception_handler.py", line 51, in wrapped_app
    await app(scope, receive, sender)
  File "/Users/quenteen/aiow/aiow-os/backend/.venv/lib/python3.12/site-packages/starlette/routing.py", line 715, in __call__
    await self.middleware_stack(scope, receive, send)
  File "/Users/quenteen/aiow/aiow-os/backend/.venv/lib/python3.12/site-packages/starlette/routing.py", line 735, in app
    await route.handle(scope, receive, send)
  File "/Users/quenteen/aiow/aiow-os/backend/.venv/lib/python3.12/site-packages/starlette/routing.py", line 288, in handle
    await self.app(scope, receive, send)
  File "/Users/quenteen/aiow/aiow-os/backend/.venv/lib/python3.12/site-packages/starlette/routing.py", line 76, in app
    await wrap_app_handling_exceptions(app, request)(scope, receive, send)
  File "/Users/quenteen/aiow/aiow-os/backend/.venv/lib/python3.12/site-packages/starlette/_exception_handler.py", line 62, in wrapped_app
    raise exc
  File "/Users/quenteen/aiow/aiow-os/backend/.venv/lib/python3.12/site-packages/starlette/_exception_handler.py", line 51, in wrapped_app
    await app(scope, receive, sender)
  File "/Users/quenteen/aiow/aiow-os/backend/.venv/lib/python3.12/site-packages/starlette/routing.py", line 73, in app
    response = await f(request)
               ^^^^^^^^^^^^^^^^
  File "/Users/quenteen/aiow/aiow-os/backend/.venv/lib/python3.12/site-packages/fastapi/routing.py", line 301, in app
    raw_response = await run_endpoint_function(
                   ^^^^^^^^^^^^^^^^^^^^^^^^^^^^
  File "/Users/quenteen/aiow/aiow-os/backend/.venv/lib/python3.12/site-packages/fastapi/routing.py", line 212, in run_endpoint_function
    return await dependant.call(**values)
           ^^^^^^^^^^^^^^^^^^^^^^^^^^^^^^
  File "/Users/quenteen/aiow/aiow-os/backend/app/api/v1/agent.py", line 59, in create_agent_api
    agent = await create_agent(db, user.business_id, req)
            ^^^^^^^^^^^^^^^^^^^^^^^^^^^^^^^^^^^^^^^^^^^^^
  File "/Users/quenteen/aiow/aiow-os/backend/app/services/agent_service.py", line 114, in create_agent
    await db.commit()
  File "/Users/quenteen/aiow/aiow-os/backend/.venv/lib/python3.12/site-packages/sqlalchemy/ext/asyncio/session.py", line 1009, in commit
    await greenlet_spawn(self.sync_session.commit)
  File "/Users/quenteen/aiow/aiow-os/backend/.venv/lib/python3.12/site-packages/sqlalchemy/util/_concurrency_py3k.py", line 203, in greenlet_spawn
    result = context.switch(value)
             ^^^^^^^^^^^^^^^^^^^^^
  File "/Users/quenteen/aiow/aiow-os/backend/.venv/lib/python3.12/site-packages/sqlalchemy/orm/session.py", line 2028, in commit
    trans.commit(_to_root=True)
  File "<string>", line 2, in commit
  File "/Users/quenteen/aiow/aiow-os/backend/.venv/lib/python3.12/site-packages/sqlalchemy/orm/state_changes.py", line 139, in _go
    ret_value = fn(self, *arg, **kw)
                ^^^^^^^^^^^^^^^^^^^^
  File "/Users/quenteen/aiow/aiow-os/backend/.venv/lib/python3.12/site-packages/sqlalchemy/orm/session.py", line 1313, in commit
    self._prepare_impl()
  File "<string>", line 2, in _prepare_impl
  File "/Users/quenteen/aiow/aiow-os/backend/.venv/lib/python3.12/site-packages/sqlalchemy/orm/state_changes.py", line 139, in _go
    ret_value = fn(self, *arg, **kw)
                ^^^^^^^^^^^^^^^^^^^^
  File "/Users/quenteen/aiow/aiow-os/backend/.venv/lib/python3.12/site-packages/sqlalchemy/orm/session.py", line 1288, in _prepare_impl
    self.session.flush()
  File "/Users/quenteen/aiow/aiow-os/backend/.venv/lib/python3.12/site-packages/sqlalchemy/orm/session.py", line 4352, in flush
    self._flush(objects)
  File "/Users/quenteen/aiow/aiow-os/backend/.venv/lib/python3.12/site-packages/sqlalchemy/orm/session.py", line 4487, in _flush
    with util.safe_reraise():
         ^^^^^^^^^^^^^^^^^^^
  File "/Users/quenteen/aiow/aiow-os/backend/.venv/lib/python3.12/site-packages/sqlalchemy/util/langhelpers.py", line 146, in __exit__
    raise exc_value.with_traceback(exc_tb)
  File "/Users/quenteen/aiow/aiow-os/backend/.venv/lib/python3.12/site-packages/sqlalchemy/orm/session.py", line 4448, in _flush
    flush_context.execute()
  File "/Users/quenteen/aiow/aiow-os/backend/.venv/lib/python3.12/site-packages/sqlalchemy/orm/unitofwork.py", line 466, in execute
    rec.execute(self)
  File "/Users/quenteen/aiow/aiow-os/backend/.venv/lib/python3.12/site-packages/sqlalchemy/orm/unitofwork.py", line 642, in execute
    util.preloaded.orm_persistence.save_obj(
  File "/Users/quenteen/aiow/aiow-os/backend/.venv/lib/python3.12/site-packages/sqlalchemy/orm/persistence.py", line 93, in save_obj
    _emit_insert_statements(
  File "/Users/quenteen/aiow/aiow-os/backend/.venv/lib/python3.12/site-packages/sqlalchemy/orm/persistence.py", line 1233, in _emit_insert_statements
    result = connection.execute(
             ^^^^^^^^^^^^^^^^^^^
  File "/Users/quenteen/aiow/aiow-os/backend/.venv/lib/python3.12/site-packages/sqlalchemy/engine/base.py", line 1418, in execute
    return meth(
           ^^^^^
  File "/Users/quenteen/aiow/aiow-os/backend/.venv/lib/python3.12/site-packages/sqlalchemy/sql/elements.py", line 515, in _execute_on_connection
    return connection._execute_clauseelement(
           ^^^^^^^^^^^^^^^^^^^^^^^^^^^^^^^^^^
  File "/Users/quenteen/aiow/aiow-os/backend/.venv/lib/python3.12/site-packages/sqlalchemy/engine/base.py", line 1640, in _execute_clauseelement
    ret = self._execute_context(
          ^^^^^^^^^^^^^^^^^^^^^^
  File "/Users/quenteen/aiow/aiow-os/backend/.venv/lib/python3.12/site-packages/sqlalchemy/engine/base.py", line 1846, in _execute_context
    return self._exec_single_context(
           ^^^^^^^^^^^^^^^^^^^^^^^^^^
  File "/Users/quenteen/aiow/aiow-os/backend/.venv/lib/python3.12/site-packages/sqlalchemy/engine/base.py", line 1986, in _exec_single_context
    self._handle_dbapi_exception(
  File "/Users/quenteen/aiow/aiow-os/backend/.venv/lib/python3.12/site-packages/sqlalchemy/engine/base.py", line 2355, in _handle_dbapi_exception
    raise sqlalchemy_exception.with_traceback(exc_info[2]) from e
  File "/Users/quenteen/aiow/aiow-os/backend/.venv/lib/python3.12/site-packages/sqlalchemy/engine/base.py", line 1967, in _exec_single_context
    self.dialect.do_execute(
  File "/Users/quenteen/aiow/aiow-os/backend/.venv/lib/python3.12/site-packages/sqlalchemy/engine/default.py", line 941, in do_execute
    cursor.execute(statement, parameters)
  File "/Users/quenteen/aiow/aiow-os/backend/.venv/lib/python3.12/site-packages/sqlalchemy/dialects/postgresql/asyncpg.py", line 572, in execute
    self._adapt_connection.await_(
  File "/Users/quenteen/aiow/aiow-os/backend/.venv/lib/python3.12/site-packages/sqlalchemy/util/_concurrency_py3k.py", line 132, in await_only
    return current.parent.switch(awaitable)  # type: ignore[no-any-return,attr-defined] # noqa: E501
           ^^^^^^^^^^^^^^^^^^^^^^^^^^^^^^^^
  File "/Users/quenteen/aiow/aiow-os/backend/.venv/lib/python3.12/site-packages/sqlalchemy/util/_concurrency_py3k.py", line 196, in greenlet_spawn
    value = await result
            ^^^^^^^^^^^^
  File "/Users/quenteen/aiow/aiow-os/backend/.venv/lib/python3.12/site-packages/sqlalchemy/dialects/postgresql/asyncpg.py", line 550, in _prepare_and_execute
    self._handle_exception(error)
  File "/Users/quenteen/aiow/aiow-os/backend/.venv/lib/python3.12/site-packages/sqlalchemy/dialects/postgresql/asyncpg.py", line 501, in _handle_exception
    self._adapt_connection._handle_exception(error)
  File "/Users/quenteen/aiow/aiow-os/backend/.venv/lib/python3.12/site-packages/sqlalchemy/dialects/postgresql/asyncpg.py", line 784, in _handle_exception
    raise translated_error from error
sqlalchemy.exc.IntegrityError: (sqlalchemy.dialects.postgresql.asyncpg.IntegrityError) <class 'asyncpg.exceptions.UniqueViolationError'>: duplicate key value violates unique constraint "uk_agents_business_id"
DETAIL:  Key (business_id)=(2) already exists.
[SQL: INSERT INTO agents (business_id, name, role, avatar, autonomy_level, status, model, system_prompt_text, config) VALUES ($1::BIGINT, $2::VARCHAR, $3::VARCHAR, $4::VARCHAR, $5::VARCHAR, $6::VARCHAR, $7::VARCHAR, $8::VARCHAR, $9::JSONB) RETURNING agents.id, agents.created_at, agents.updated_at]
[parameters: (2, '门店管家', 'store_manager', None, 'L2', 'ready', None, None, '{"allowed_tools": ["search_products", "get_inventory", "list_orders", "get_order_detail", "business_overview", "sales_stats", "check_expiring", "inventory_history", "adjust_price", "adjust_stock", "process_refund", "suggest_purchase"]}')]
(Background on this error at: https://sqlalche.me/e/20/gkpj)
INFO:     127.0.0.1:61639 - "POST /api/v1/auth/login HTTP/1.1" 200 OK
Redis 查询黑名单失败: Error 61 connecting to localhost:6379. Connection refused.
INFO:     127.0.0.1:61645 - "POST /api/v1/agents HTTP/1.1" 500 Internal Server Error
ERROR:    Exception in ASGI application
Traceback (most recent call last):
  File "/Users/quenteen/aiow/aiow-os/backend/.venv/lib/python3.12/site-packages/sqlalchemy/dialects/postgresql/asyncpg.py", line 538, in _prepare_and_execute
    self._rows = deque(await prepared_stmt.fetch(*parameters))
                       ^^^^^^^^^^^^^^^^^^^^^^^^^^^^^^^^^^^^^^
  File "/Users/quenteen/aiow/aiow-os/backend/.venv/lib/python3.12/site-packages/asyncpg/prepared_stmt.py", line 176, in fetch
    data = await self.__bind_execute(args, 0, timeout)
           ^^^^^^^^^^^^^^^^^^^^^^^^^^^^^^^^^^^^^^^^^^^
  File "/Users/quenteen/aiow/aiow-os/backend/.venv/lib/python3.12/site-packages/asyncpg/prepared_stmt.py", line 241, in __bind_execute
    data, status, _ = await self.__do_execute(
                      ^^^^^^^^^^^^^^^^^^^^^^^^
  File "/Users/quenteen/aiow/aiow-os/backend/.venv/lib/python3.12/site-packages/asyncpg/prepared_stmt.py", line 230, in __do_execute
    return await executor(protocol)
           ^^^^^^^^^^^^^^^^^^^^^^^^
  File "asyncpg/protocol/protocol.pyx", line 207, in bind_execute
asyncpg.exceptions.UniqueViolationError: duplicate key value violates unique constraint "uk_agents_business_id"
DETAIL:  Key (business_id)=(2) already exists.

The above exception was the direct cause of the following exception:

Traceback (most recent call last):
  File "/Users/quenteen/aiow/aiow-os/backend/.venv/lib/python3.12/site-packages/sqlalchemy/engine/base.py", line 1967, in _exec_single_context
    self.dialect.do_execute(
  File "/Users/quenteen/aiow/aiow-os/backend/.venv/lib/python3.12/site-packages/sqlalchemy/engine/default.py", line 941, in do_execute
    cursor.execute(statement, parameters)
  File "/Users/quenteen/aiow/aiow-os/backend/.venv/lib/python3.12/site-packages/sqlalchemy/dialects/postgresql/asyncpg.py", line 572, in execute
    self._adapt_connection.await_(
  File "/Users/quenteen/aiow/aiow-os/backend/.venv/lib/python3.12/site-packages/sqlalchemy/util/_concurrency_py3k.py", line 132, in await_only
    return current.parent.switch(awaitable)  # type: ignore[no-any-return,attr-defined] # noqa: E501
           ^^^^^^^^^^^^^^^^^^^^^^^^^^^^^^^^
  File "/Users/quenteen/aiow/aiow-os/backend/.venv/lib/python3.12/site-packages/sqlalchemy/util/_concurrency_py3k.py", line 196, in greenlet_spawn
    value = await result
            ^^^^^^^^^^^^
  File "/Users/quenteen/aiow/aiow-os/backend/.venv/lib/python3.12/site-packages/sqlalchemy/dialects/postgresql/asyncpg.py", line 550, in _prepare_and_execute
    self._handle_exception(error)
  File "/Users/quenteen/aiow/aiow-os/backend/.venv/lib/python3.12/site-packages/sqlalchemy/dialects/postgresql/asyncpg.py", line 501, in _handle_exception
    self._adapt_connection._handle_exception(error)
  File "/Users/quenteen/aiow/aiow-os/backend/.venv/lib/python3.12/site-packages/sqlalchemy/dialects/postgresql/asyncpg.py", line 784, in _handle_exception
    raise translated_error from error
sqlalchemy.dialects.postgresql.asyncpg.AsyncAdapt_asyncpg_dbapi.IntegrityError: <class 'asyncpg.exceptions.UniqueViolationError'>: duplicate key value violates unique constraint "uk_agents_business_id"
DETAIL:  Key (business_id)=(2) already exists.

The above exception was the direct cause of the following exception:

Traceback (most recent call last):
  File "/Users/quenteen/aiow/aiow-os/backend/.venv/lib/python3.12/site-packages/uvicorn/protocols/http/httptools_impl.py", line 401, in run_asgi
    result = await app(  # type: ignore[func-returns-value]
             ^^^^^^^^^^^^^^^^^^^^^^^^^^^^^^^^^^^^^^^^^^^^^^
  File "/Users/quenteen/aiow/aiow-os/backend/.venv/lib/python3.12/site-packages/uvicorn/middleware/proxy_headers.py", line 70, in __call__
    return await self.app(scope, receive, send)
           ^^^^^^^^^^^^^^^^^^^^^^^^^^^^^^^^^^^^
  File "/Users/quenteen/aiow/aiow-os/backend/.venv/lib/python3.12/site-packages/fastapi/applications.py", line 1054, in __call__
    await super().__call__(scope, receive, send)
  File "/Users/quenteen/aiow/aiow-os/backend/.venv/lib/python3.12/site-packages/starlette/applications.py", line 113, in __call__
    await self.middleware_stack(scope, receive, send)
  File "/Users/quenteen/aiow/aiow-os/backend/.venv/lib/python3.12/site-packages/starlette/middleware/errors.py", line 187, in __call__
    raise exc
  File "/Users/quenteen/aiow/aiow-os/backend/.venv/lib/python3.12/site-packages/starlette/middleware/errors.py", line 165, in __call__
    await self.app(scope, receive, _send)
  File "/Users/quenteen/aiow/aiow-os/backend/.venv/lib/python3.12/site-packages/starlette/middleware/base.py", line 185, in __call__
    with collapse_excgroups():
         ^^^^^^^^^^^^^^^^^^^^
  File "/Users/quenteen/.local/share/uv/python/cpython-3.12.14-macos-x86_64-none/lib/python3.12/contextlib.py", line 158, in __exit__
    self.gen.throw(value)
  File "/Users/quenteen/aiow/aiow-os/backend/.venv/lib/python3.12/site-packages/starlette/_utils.py", line 83, in collapse_excgroups
    raise exc
  File "/Users/quenteen/aiow/aiow-os/backend/.venv/lib/python3.12/site-packages/starlette/middleware/base.py", line 187, in __call__
    response = await self.dispatch_func(request, call_next)
               ^^^^^^^^^^^^^^^^^^^^^^^^^^^^^^^^^^^^^^^^^^^^
  File "/Users/quenteen/aiow/aiow-os/backend/app/api/v1/monitoring.py", line 117, in metrics_middleware
    response = await call_next(request)
               ^^^^^^^^^^^^^^^^^^^^^^^^
  File "/Users/quenteen/aiow/aiow-os/backend/.venv/lib/python3.12/site-packages/starlette/middleware/base.py", line 163, in call_next
    raise app_exc
  File "/Users/quenteen/aiow/aiow-os/backend/.venv/lib/python3.12/site-packages/starlette/middleware/base.py", line 149, in coro
    await self.app(scope, receive_or_disconnect, send_no_error)
  File "/Users/quenteen/aiow/aiow-os/backend/app/main.py", line 72, in __call__
    await self.app(scope, receive, send)
  File "/Users/quenteen/aiow/aiow-os/backend/.venv/lib/python3.12/site-packages/starlette/middleware/cors.py", line 85, in __call__
    await self.app(scope, receive, send)
  File "/Users/quenteen/aiow/aiow-os/backend/.venv/lib/python3.12/site-packages/starlette/middleware/base.py", line 185, in __call__
    with collapse_excgroups():
         ^^^^^^^^^^^^^^^^^^^^
  File "/Users/quenteen/.local/share/uv/python/cpython-3.12.14-macos-x86_64-none/lib/python3.12/contextlib.py", line 158, in __exit__
    self.gen.throw(value)
  File "/Users/quenteen/aiow/aiow-os/backend/.venv/lib/python3.12/site-packages/starlette/_utils.py", line 83, in collapse_excgroups
    raise exc
  File "/Users/quenteen/aiow/aiow-os/backend/.venv/lib/python3.12/site-packages/starlette/middleware/base.py", line 187, in __call__
    response = await self.dispatch_func(request, call_next)
               ^^^^^^^^^^^^^^^^^^^^^^^^^^^^^^^^^^^^^^^^^^^^
  File "/Users/quenteen/aiow/aiow-os/backend/app/api/response.py", line 24, in dispatch
    response = await call_next(request)
               ^^^^^^^^^^^^^^^^^^^^^^^^
  File "/Users/quenteen/aiow/aiow-os/backend/.venv/lib/python3.12/site-packages/starlette/middleware/base.py", line 163, in call_next
    raise app_exc
  File "/Users/quenteen/aiow/aiow-os/backend/.venv/lib/python3.12/site-packages/starlette/middleware/base.py", line 149, in coro
    await self.app(scope, receive_or_disconnect, send_no_error)
  File "/Users/quenteen/aiow/aiow-os/backend/.venv/lib/python3.12/site-packages/starlette/middleware/exceptions.py", line 62, in __call__
    await wrap_app_handling_exceptions(self.app, conn)(scope, receive, send)
  File "/Users/quenteen/aiow/aiow-os/backend/.venv/lib/python3.12/site-packages/starlette/_exception_handler.py", line 62, in wrapped_app
    raise exc
  File "/Users/quenteen/aiow/aiow-os/backend/.venv/lib/python3.12/site-packages/starlette/_exception_handler.py", line 51, in wrapped_app
    await app(scope, receive, sender)
  File "/Users/quenteen/aiow/aiow-os/backend/.venv/lib/python3.12/site-packages/starlette/routing.py", line 715, in __call__
    await self.middleware_stack(scope, receive, send)
  File "/Users/quenteen/aiow/aiow-os/backend/.venv/lib/python3.12/site-packages/starlette/routing.py", line 735, in app
    await route.handle(scope, receive, send)
  File "/Users/quenteen/aiow/aiow-os/backend/.venv/lib/python3.12/site-packages/starlette/routing.py", line 288, in handle
    await self.app(scope, receive, send)
  File "/Users/quenteen/aiow/aiow-os/backend/.venv/lib/python3.12/site-packages/starlette/routing.py", line 76, in app
    await wrap_app_handling_exceptions(app, request)(scope, receive, send)
  File "/Users/quenteen/aiow/aiow-os/backend/.venv/lib/python3.12/site-packages/starlette/_exception_handler.py", line 62, in wrapped_app
    raise exc
  File "/Users/quenteen/aiow/aiow-os/backend/.venv/lib/python3.12/site-packages/starlette/_exception_handler.py", line 51, in wrapped_app
    await app(scope, receive, sender)
  File "/Users/quenteen/aiow/aiow-os/backend/.venv/lib/python3.12/site-packages/starlette/routing.py", line 73, in app
    response = await f(request)
               ^^^^^^^^^^^^^^^^
  File "/Users/quenteen/aiow/aiow-os/backend/.venv/lib/python3.12/site-packages/fastapi/routing.py", line 301, in app
    raw_response = await run_endpoint_function(
                   ^^^^^^^^^^^^^^^^^^^^^^^^^^^^
  File "/Users/quenteen/aiow/aiow-os/backend/.venv/lib/python3.12/site-packages/fastapi/routing.py", line 212, in run_endpoint_function
    return await dependant.call(**values)
           ^^^^^^^^^^^^^^^^^^^^^^^^^^^^^^
  File "/Users/quenteen/aiow/aiow-os/backend/app/api/v1/agent.py", line 59, in create_agent_api
    agent = await create_agent(db, user.business_id, req)
            ^^^^^^^^^^^^^^^^^^^^^^^^^^^^^^^^^^^^^^^^^^^^^
  File "/Users/quenteen/aiow/aiow-os/backend/app/services/agent_service.py", line 114, in create_agent
    await db.commit()
  File "/Users/quenteen/aiow/aiow-os/backend/.venv/lib/python3.12/site-packages/sqlalchemy/ext/asyncio/session.py", line 1009, in commit
    await greenlet_spawn(self.sync_session.commit)
  File "/Users/quenteen/aiow/aiow-os/backend/.venv/lib/python3.12/site-packages/sqlalchemy/util/_concurrency_py3k.py", line 203, in greenlet_spawn
    result = context.switch(value)
             ^^^^^^^^^^^^^^^^^^^^^
  File "/Users/quenteen/aiow/aiow-os/backend/.venv/lib/python3.12/site-packages/sqlalchemy/orm/session.py", line 2028, in commit
    trans.commit(_to_root=True)
  File "<string>", line 2, in commit
  File "/Users/quenteen/aiow/aiow-os/backend/.venv/lib/python3.12/site-packages/sqlalchemy/orm/state_changes.py", line 139, in _go
    ret_value = fn(self, *arg, **kw)
                ^^^^^^^^^^^^^^^^^^^^
  File "/Users/quenteen/aiow/aiow-os/backend/.venv/lib/python3.12/site-packages/sqlalchemy/orm/session.py", line 1313, in commit
    self._prepare_impl()
  File "<string>", line 2, in _prepare_impl
  File "/Users/quenteen/aiow/aiow-os/backend/.venv/lib/python3.12/site-packages/sqlalchemy/orm/state_changes.py", line 139, in _go
    ret_value = fn(self, *arg, **kw)
                ^^^^^^^^^^^^^^^^^^^^
  File "/Users/quenteen/aiow/aiow-os/backend/.venv/lib/python3.12/site-packages/sqlalchemy/orm/session.py", line 1288, in _prepare_impl
    self.session.flush()
  File "/Users/quenteen/aiow/aiow-os/backend/.venv/lib/python3.12/site-packages/sqlalchemy/orm/session.py", line 4352, in flush
    self._flush(objects)
  File "/Users/quenteen/aiow/aiow-os/backend/.venv/lib/python3.12/site-packages/sqlalchemy/orm/session.py", line 4487, in _flush
    with util.safe_reraise():
         ^^^^^^^^^^^^^^^^^^^
  File "/Users/quenteen/aiow/aiow-os/backend/.venv/lib/python3.12/site-packages/sqlalchemy/util/langhelpers.py", line 146, in __exit__
    raise exc_value.with_traceback(exc_tb)
  File "/Users/quenteen/aiow/aiow-os/backend/.venv/lib/python3.12/site-packages/sqlalchemy/orm/session.py", line 4448, in _flush
    flush_context.execute()
  File "/Users/quenteen/aiow/aiow-os/backend/.venv/lib/python3.12/site-packages/sqlalchemy/orm/unitofwork.py", line 466, in execute
    rec.execute(self)
  File "/Users/quenteen/aiow/aiow-os/backend/.venv/lib/python3.12/site-packages/sqlalchemy/orm/unitofwork.py", line 642, in execute
    util.preloaded.orm_persistence.save_obj(
  File "/Users/quenteen/aiow/aiow-os/backend/.venv/lib/python3.12/site-packages/sqlalchemy/orm/persistence.py", line 93, in save_obj
    _emit_insert_statements(
  File "/Users/quenteen/aiow/aiow-os/backend/.venv/lib/python3.12/site-packages/sqlalchemy/orm/persistence.py", line 1233, in _emit_insert_statements
    result = connection.execute(
             ^^^^^^^^^^^^^^^^^^^
  File "/Users/quenteen/aiow/aiow-os/backend/.venv/lib/python3.12/site-packages/sqlalchemy/engine/base.py", line 1418, in execute
    return meth(
           ^^^^^
  File "/Users/quenteen/aiow/aiow-os/backend/.venv/lib/python3.12/site-packages/sqlalchemy/sql/elements.py", line 515, in _execute_on_connection
    return connection._execute_clauseelement(
           ^^^^^^^^^^^^^^^^^^^^^^^^^^^^^^^^^^
  File "/Users/quenteen/aiow/aiow-os/backend/.venv/lib/python3.12/site-packages/sqlalchemy/engine/base.py", line 1640, in _execute_clauseelement
    ret = self._execute_context(
          ^^^^^^^^^^^^^^^^^^^^^^
  File "/Users/quenteen/aiow/aiow-os/backend/.venv/lib/python3.12/site-packages/sqlalchemy/engine/base.py", line 1846, in _execute_context
    return self._exec_single_context(
           ^^^^^^^^^^^^^^^^^^^^^^^^^^
  File "/Users/quenteen/aiow/aiow-os/backend/.venv/lib/python3.12/site-packages/sqlalchemy/engine/base.py", line 1986, in _exec_single_context
    self._handle_dbapi_exception(
  File "/Users/quenteen/aiow/aiow-os/backend/.venv/lib/python3.12/site-packages/sqlalchemy/engine/base.py", line 2355, in _handle_dbapi_exception
    raise sqlalchemy_exception.with_traceback(exc_info[2]) from e
  File "/Users/quenteen/aiow/aiow-os/backend/.venv/lib/python3.12/site-packages/sqlalchemy/engine/base.py", line 1967, in _exec_single_context
    self.dialect.do_execute(
  File "/Users/quenteen/aiow/aiow-os/backend/.venv/lib/python3.12/site-packages/sqlalchemy/engine/default.py", line 941, in do_execute
    cursor.execute(statement, parameters)
  File "/Users/quenteen/aiow/aiow-os/backend/.venv/lib/python3.12/site-packages/sqlalchemy/dialects/postgresql/asyncpg.py", line 572, in execute
    self._adapt_connection.await_(
  File "/Users/quenteen/aiow/aiow-os/backend/.venv/lib/python3.12/site-packages/sqlalchemy/util/_concurrency_py3k.py", line 132, in await_only
    return current.parent.switch(awaitable)  # type: ignore[no-any-return,attr-defined] # noqa: E501
           ^^^^^^^^^^^^^^^^^^^^^^^^^^^^^^^^
  File "/Users/quenteen/aiow/aiow-os/backend/.venv/lib/python3.12/site-packages/sqlalchemy/util/_concurrency_py3k.py", line 196, in greenlet_spawn
    value = await result
            ^^^^^^^^^^^^
  File "/Users/quenteen/aiow/aiow-os/backend/.venv/lib/python3.12/site-packages/sqlalchemy/dialects/postgresql/asyncpg.py", line 550, in _prepare_and_execute
    self._handle_exception(error)
  File "/Users/quenteen/aiow/aiow-os/backend/.venv/lib/python3.12/site-packages/sqlalchemy/dialects/postgresql/asyncpg.py", line 501, in _handle_exception
    self._adapt_connection._handle_exception(error)
  File "/Users/quenteen/aiow/aiow-os/backend/.venv/lib/python3.12/site-packages/sqlalchemy/dialects/postgresql/asyncpg.py", line 784, in _handle_exception
    raise translated_error from error
sqlalchemy.exc.IntegrityError: (sqlalchemy.dialects.postgresql.asyncpg.IntegrityError) <class 'asyncpg.exceptions.UniqueViolationError'>: duplicate key value violates unique constraint "uk_agents_business_id"
DETAIL:  Key (business_id)=(2) already exists.
[SQL: INSERT INTO agents (business_id, name, role, avatar, autonomy_level, status, model, system_prompt_text, config) VALUES ($1::BIGINT, $2::VARCHAR, $3::VARCHAR, $4::VARCHAR, $5::VARCHAR, $6::VARCHAR, $7::VARCHAR, $8::VARCHAR, $9::JSONB) RETURNING agents.id, agents.created_at, agents.updated_at]
[parameters: (2, '门店管家', 'store_manager', None, 'L2', 'ready', None, None, '{"allowed_tools": ["search_products", "get_inventory", "list_orders", "get_order_detail"]}')]
(Background on this error at: https://sqlalche.me/e/20/gkpj)
Redis 查询黑名单失败: Error 61 connecting to localhost:6379. Connection refused.
INFO:     127.0.0.1:61657 - "GET /api/v1/circuit-breaker/status HTTP/1.1" 200 OK
Redis 查询黑名单失败: Error 61 connecting to localhost:6379. Connection refused.
INFO:     127.0.0.1:61705 - "GET /api/v1/circuit-breaker/status HTTP/1.1" 200 OK
INFO:     127.0.0.1:61756 - "GET /api/v1/circuit-breaker/status HTTP/1.1" 401 Unauthorized
INFO:     127.0.0.1:61756 - "OPTIONS /api/v1/auth/refresh-token HTTP/1.1" 200 OK
Redis 查询黑名单失败: Error 61 connecting to localhost:6379. Connection refused.
Redis 写入黑名单失败: Error 61 connecting to localhost:6379. Connection refused.
INFO:     127.0.0.1:61756 - "POST /api/v1/auth/refresh-token HTTP/1.1" 200 OK
Redis 查询黑名单失败: Error 61 connecting to localhost:6379. Connection refused.
INFO:     127.0.0.1:61756 - "GET /api/v1/circuit-breaker/status HTTP/1.1" 200 OK
INFO:     127.0.0.1:61758 - "OPTIONS /api/v1/circuit-breaker/status HTTP/1.1" 200 OK
Redis 查询黑名单失败: Error 61 connecting to localhost:6379. Connection refused.
INFO:     127.0.0.1:61758 - "GET /api/v1/circuit-breaker/status HTTP/1.1" 200 OK
Redis 查询黑名单失败: Error 61 connecting to localhost:6379. Connection refused.
INFO:     127.0.0.1:61856 - "GET /api/v1/circuit-breaker/status HTTP/1.1" 200 OK
INFO:     127.0.0.1:61902 - "POST /api/v1/auth/login HTTP/1.1" 200 OK
Redis 查询黑名单失败: Error 61 connecting to localhost:6379. Connection refused.
INFO:     127.0.0.1:61904 - "GET /api/v1/agents HTTP/1.1" 200 OK
Redis 查询黑名单失败: Error 61 connecting to localhost:6379. Connection refused.
INFO:     127.0.0.1:61908 - "POST /api/v1/agents/3/sessions HTTP/1.1" 200 OK
INFO:     127.0.0.1:61912 - "POST /api/v1/agents/3/sessions/54/messages HTTP/1.1" 404 Not Found
Redis 查询黑名单失败: Error 61 connecting to localhost:6379. Connection refused.
INFO:     127.0.0.1:61914 - "GET /api/v1/circuit-breaker/status HTTP/1.1" 200 OK
Redis 查询黑名单失败: Error 61 connecting to localhost:6379. Connection refused.
INFO:     127.0.0.1:61961 - "GET /api/v1/circuit-breaker/status HTTP/1.1" 200 OK
INFO:     127.0.0.1:61969 - "POST /api/v1/auth/login HTTP/1.1" 200 OK
Redis 查询黑名单失败: Error 61 connecting to localhost:6379. Connection refused.
INFO:     127.0.0.1:61971 - "POST /api/v1/agents/3/sessions HTTP/1.1" 200 OK
INFO:     127.0.0.1:61975 - "POST /api/v1/agents/3/sessions/55/messages HTTP/1.1" 404 Not Found
Redis 查询黑名单失败: Error 61 connecting to localhost:6379. Connection refused.
INFO:     127.0.0.1:62013 - "GET /api/v1/circuit-breaker/status HTTP/1.1" 200 OK
Redis 查询黑名单失败: Error 61 connecting to localhost:6379. Connection refused.
INFO:     127.0.0.1:62063 - "GET /api/v1/circuit-breaker/status HTTP/1.1" 200 OK
Redis 查询黑名单失败: Error 61 connecting to localhost:6379. Connection refused.
INFO:     127.0.0.1:62108 - "GET /api/v1/circuit-breaker/status HTTP/1.1" 200 OK
INFO:     127.0.0.1:62152 - "POST /api/v1/auth/login HTTP/1.1" 200 OK
Redis 查询黑名单失败: Error 61 connecting to localhost:6379. Connection refused.
Redis 查询黑名单失败: Error 61 connecting to localhost:6379. Connection refused.
INFO:     127.0.0.1:62163 - "GET /api/v1/circuit-breaker/status HTTP/1.1" 200 OK
INFO:     127.0.0.1:62158 - "POST /api/v1/agents/3/chat HTTP/1.1" 200 OK
[SlowRequest] POST /api/v1/agents/3/chat took 6184ms (threshold=1000ms)
Redis 查询黑名单失败: Error 61 connecting to localhost:6379. Connection refused.
INFO:     127.0.0.1:62214 - "GET /api/v1/circuit-breaker/status HTTP/1.1" 200 OK
INFO:     127.0.0.1:62256 - "POST /api/v1/auth/login HTTP/1.1" 200 OK
Redis 查询黑名单失败: Error 61 connecting to localhost:6379. Connection refused.
Redis 查询黑名单失败: Error 61 connecting to localhost:6379. Connection refused.
INFO:     127.0.0.1:62267 - "GET /api/v1/circuit-breaker/status HTTP/1.1" 200 OK
INFO:     127.0.0.1:62258 - "POST /api/v1/agents/3/chat HTTP/1.1" 200 OK
[SlowRequest] POST /api/v1/agents/3/chat took 2842ms (threshold=1000ms)
Redis 查询黑名单失败: Error 61 connecting to localhost:6379. Connection refused.
INFO:     127.0.0.1:62279 - "GET /api/v1/work-orders?page=1&page_size=3 HTTP/1.1" 200 OK
Redis 查询黑名单失败: Error 61 connecting to localhost:6379. Connection refused.
INFO:     127.0.0.1:62317 - "GET /api/v1/circuit-breaker/status HTTP/1.1" 200 OK
Redis 查询黑名单失败: Error 61 connecting to localhost:6379. Connection refused.
INFO:     127.0.0.1:62364 - "GET /api/v1/circuit-breaker/status HTTP/1.1" 200 OK
Redis 查询黑名单失败: Error 61 connecting to localhost:6379. Connection refused.
INFO:     127.0.0.1:62413 - "GET /api/v1/circuit-breaker/status HTTP/1.1" 200 OK
INFO:     127.0.0.1:62442 - "POST /api/v1/auth/login HTTP/1.1" 200 OK
Redis 查询黑名单失败: Error 61 connecting to localhost:6379. Connection refused.
INFO:     127.0.0.1:62448 - "GET /api/v1/agents/3 HTTP/1.1" 200 OK
Redis 查询黑名单失败: Error 61 connecting to localhost:6379. Connection refused.
INFO:     127.0.0.1:62468 - "GET /api/v1/circuit-breaker/status HTTP/1.1" 200 OK
INFO:     127.0.0.1:62512 - "POST /api/v1/auth/login HTTP/1.1" 200 OK
Redis 查询黑名单失败: Error 61 connecting to localhost:6379. Connection refused.
INFO:     127.0.0.1:62518 - "PUT /api/v1/agents/3 HTTP/1.1" 200 OK
Redis 查询黑名单失败: Error 61 connecting to localhost:6379. Connection refused.
Redis 查询黑名单失败: Error 61 connecting to localhost:6379. Connection refused.
INFO:     127.0.0.1:62527 - "GET /api/v1/circuit-breaker/status HTTP/1.1" 200 OK
[ProvenanceGate] 拦截工具 adjust_price（call_id=call_00_EXLPTIvBofpepcBEgi4D7179）：写入操作引用了未经查询的对象 ID（sku_id=product:ac5223b1-99c9-49c0-a396-80225708534d）。请先调用查询工具确认该对象存在，再执行写入操作。；read_set={'product:0309b83f-0e4f-4fbf-a3fe-75cf4eb55a33', 'order:ac5223b1-99c9-49c0-a396-80225708534d'}
[Executor] provenance 拦截 adjust_price（risk=high）：写入操作引用了未经查询的对象 ID（sku_id=product:ac5223b1-99c9-49c0-a396-80225708534d）。请先调用查询工具确认该对象存在，再执行写入操作。
[ProvenanceGate] 拦截工具 adjust_price（call_id=call_00_uzu5OaDNsLXqKMLKSW5m5258）：写入操作引用了未经查询的对象 ID（sku_id=product:ac5223b1-99c9-49c0-a396-80225708534d）。请先调用查询工具确认该对象存在，再执行写入操作。；read_set={'product:0309b83f-0e4f-4fbf-a3fe-75cf4eb55a33', 'order:ac5223b1-99c9-49c0-a396-80225708534d'}
[Executor] provenance 拦截 adjust_price（risk=high）：写入操作引用了未经查询的对象 ID（sku_id=product:ac5223b1-99c9-49c0-a396-80225708534d）。请先调用查询工具确认该对象存在，再执行写入操作。
INFO:     127.0.0.1:62522 - "POST /api/v1/agents/3/chat HTTP/1.1" 200 OK
[SlowRequest] POST /api/v1/agents/3/chat took 9400ms (threshold=1000ms)
Redis 查询黑名单失败: Error 61 connecting to localhost:6379. Connection refused.
INFO:     127.0.0.1:62572 - "GET /api/v1/work-orders?page=1&page_size=2 HTTP/1.1" 200 OK
Redis 查询黑名单失败: Error 61 connecting to localhost:6379. Connection refused.
INFO:     127.0.0.1:62580 - "GET /api/v1/circuit-breaker/status HTTP/1.1" 200 OK
Redis 查询黑名单失败: Error 61 connecting to localhost:6379. Connection refused.
INFO:     127.0.0.1:62628 - "GET /api/v1/circuit-breaker/status HTTP/1.1" 200 OK
Redis 查询黑名单失败: Error 61 connecting to localhost:6379. Connection refused.
INFO:     127.0.0.1:62680 - "GET /api/v1/circuit-breaker/status HTTP/1.1" 200 OK
Redis 查询黑名单失败: Error 61 connecting to localhost:6379. Connection refused.
INFO:     127.0.0.1:62725 - "GET /api/v1/circuit-breaker/status HTTP/1.1" 200 OK
INFO:     127.0.0.1:62729 - "POST /api/v1/auth/login HTTP/1.1" 200 OK
Redis 查询黑名单失败: Error 61 connecting to localhost:6379. Connection refused.
INFO:     127.0.0.1:62731 - "GET /api/v1/loops HTTP/1.1" 200 OK
Redis 查询黑名单失败: Error 61 connecting to localhost:6379. Connection refused.
INFO:     127.0.0.1:62735 - "POST /api/v1/loops/trigger HTTP/1.1" 422 Unprocessable Entity
Redis 查询黑名单失败: Error 61 connecting to localhost:6379. Connection refused.
INFO:     127.0.0.1:62779 - "GET /api/v1/circuit-breaker/status HTTP/1.1" 200 OK
Redis 查询黑名单失败: Error 61 connecting to localhost:6379. Connection refused.
INFO:     127.0.0.1:62824 - "GET /api/v1/circuit-breaker/status HTTP/1.1" 200 OK
Redis 查询黑名单失败: Error 61 connecting to localhost:6379. Connection refused.
INFO:     127.0.0.1:62869 - "GET /api/v1/circuit-breaker/status HTTP/1.1" 200 OK
INFO:     127.0.0.1:62881 - "POST /api/v1/auth/login HTTP/1.1" 200 OK
Redis 查询黑名单失败: Error 61 connecting to localhost:6379. Connection refused.
INFO:     127.0.0.1:62887 - "POST /api/v1/loops/trigger?agent_id=3 HTTP/1.1" 200 OK
Redis 查询黑名单失败: Error 61 connecting to localhost:6379. Connection refused.
INFO:     127.0.0.1:62919 - "GET /api/v1/circuit-breaker/status HTTP/1.1" 200 OK
INFO:     127.0.0.1:62959 - "POST /api/v1/auth/login HTTP/1.1" 200 OK
Redis 查询黑名单失败: Error 61 connecting to localhost:6379. Connection refused.
INFO:     127.0.0.1:62965 - "GET /api/v1/circuit-breaker/status HTTP/1.1" 200 OK
Redis 查询黑名单失败: Error 61 connecting to localhost:6379. Connection refused.
INFO:     127.0.0.1:63016 - "GET /api/v1/circuit-breaker/status HTTP/1.1" 200 OK
Redis 查询黑名单失败: Error 61 connecting to localhost:6379. Connection refused.
INFO:     127.0.0.1:63044 - "GET /api/v1/loops/runs/16 HTTP/1.1" 200 OK
Redis 查询黑名单失败: Error 61 connecting to localhost:6379. Connection refused.
INFO:     127.0.0.1:63048 - "GET /api/v1/loops/2/runs?page=1&page_size=3 HTTP/1.1" 200 OK
Redis 查询黑名单失败: Error 61 connecting to localhost:6379. Connection refused.
INFO:     127.0.0.1:63072 - "GET /api/v1/circuit-breaker/status HTTP/1.1" 200 OK
INFO:     127.0.0.1:63096 - "POST /api/v1/auth/login HTTP/1.1" 200 OK
Redis 查询黑名单失败: Error 61 connecting to localhost:6379. Connection refused.
INFO:     127.0.0.1:63098 - "GET /api/v1/loops/runs/16 HTTP/1.1" 200 OK
Redis 查询黑名单失败: Error 61 connecting to localhost:6379. Connection refused.
INFO:     127.0.0.1:63123 - "GET /api/v1/circuit-breaker/status HTTP/1.1" 200 OK
Redis 查询黑名单失败: Error 61 connecting to localhost:6379. Connection refused.
INFO:     127.0.0.1:63171 - "GET /api/v1/circuit-breaker/status HTTP/1.1" 200 OK
INFO:     127.0.0.1:63179 - "POST /api/v1/auth/login HTTP/1.1" 200 OK
Redis 查询黑名单失败: Error 61 connecting to localhost:6379. Connection refused.
INFO:     127.0.0.1:63185 - "GET /api/v1/loops/runs/16 HTTP/1.1" 200 OK
Redis 查询黑名单失败: Error 61 connecting to localhost:6379. Connection refused.
INFO:     127.0.0.1:63221 - "GET /api/v1/circuit-breaker/status HTTP/1.1" 200 OK
Redis 查询黑名单失败: Error 61 connecting to localhost:6379. Connection refused.
INFO:     127.0.0.1:63265 - "GET /api/v1/circuit-breaker/status HTTP/1.1" 200 OK
Redis 查询黑名单失败: Error 61 connecting to localhost:6379. Connection refused.
INFO:     127.0.0.1:63310 - "GET /api/v1/circuit-breaker/status HTTP/1.1" 200 OK
Redis 查询黑名单失败: Error 61 connecting to localhost:6379. Connection refused.
INFO:     127.0.0.1:63354 - "GET /api/v1/circuit-breaker/status HTTP/1.1" 200 OK
Redis 查询黑名单失败: Error 61 connecting to localhost:6379. Connection refused.
INFO:     127.0.0.1:63406 - "GET /api/v1/circuit-breaker/status HTTP/1.1" 200 OK
Redis 查询黑名单失败: Error 61 connecting to localhost:6379. Connection refused.
INFO:     127.0.0.1:63451 - "GET /api/v1/circuit-breaker/status HTTP/1.1" 200 OK
Redis 查询黑名单失败: Error 61 connecting to localhost:6379. Connection refused.
INFO:     127.0.0.1:63495 - "GET /api/v1/circuit-breaker/status HTTP/1.1" 200 OK
Redis 查询黑名单失败: Error 61 connecting to localhost:6379. Connection refused.
INFO:     127.0.0.1:63544 - "GET /api/v1/circuit-breaker/status HTTP/1.1" 200 OK
Redis 查询黑名单失败: Error 61 connecting to localhost:6379. Connection refused.
INFO:     127.0.0.1:63589 - "GET /api/v1/circuit-breaker/status HTTP/1.1" 200 OK
Redis 查询黑名单失败: Error 61 connecting to localhost:6379. Connection refused.
INFO:     127.0.0.1:63633 - "GET /api/v1/circuit-breaker/status HTTP/1.1" 200 OK
Redis 查询黑名单失败: Error 61 connecting to localhost:6379. Connection refused.
INFO:     127.0.0.1:63677 - "GET /api/v1/circuit-breaker/status HTTP/1.1" 200 OK
Redis 查询黑名单失败: Error 61 connecting to localhost:6379. Connection refused.
INFO:     127.0.0.1:63726 - "GET /api/v1/circuit-breaker/status HTTP/1.1" 200 OK
Redis 查询黑名单失败: Error 61 connecting to localhost:6379. Connection refused.
INFO:     127.0.0.1:63774 - "GET /api/v1/circuit-breaker/status HTTP/1.1" 200 OK
Redis 查询黑名单失败: Error 61 connecting to localhost:6379. Connection refused.
INFO:     127.0.0.1:63818 - "GET /api/v1/circuit-breaker/status HTTP/1.1" 200 OK
Redis 查询黑名单失败: Error 61 connecting to localhost:6379. Connection refused.
INFO:     127.0.0.1:63872 - "GET /api/v1/circuit-breaker/status HTTP/1.1" 200 OK
Redis 查询黑名单失败: Error 61 connecting to localhost:6379. Connection refused.
INFO:     127.0.0.1:63916 - "GET /api/v1/circuit-breaker/status HTTP/1.1" 200 OK
Redis 查询黑名单失败: Error 61 connecting to localhost:6379. Connection refused.
INFO:     127.0.0.1:63960 - "GET /api/v1/circuit-breaker/status HTTP/1.1" 200 OK
Redis 查询黑名单失败: Error 61 connecting to localhost:6379. Connection refused.
INFO:     127.0.0.1:64004 - "GET /api/v1/circuit-breaker/status HTTP/1.1" 200 OK
Redis 查询黑名单失败: Error 61 connecting to localhost:6379. Connection refused.
INFO:     127.0.0.1:64047 - "GET /api/v1/circuit-breaker/status HTTP/1.1" 200 OK
Redis 查询黑名单失败: Error 61 connecting to localhost:6379. Connection refused.
INFO:     127.0.0.1:64091 - "GET /api/v1/circuit-breaker/status HTTP/1.1" 200 OK
INFO:     127.0.0.1:64126 - "OPTIONS /api/v1/dashboard/overview?days=7 HTTP/1.1" 200 OK
INFO:     127.0.0.1:64127 - "OPTIONS /api/v1/dashboard/sales-trend?days=30 HTTP/1.1" 200 OK
INFO:     127.0.0.1:64129 - "OPTIONS /api/v1/dashboard/inventory-trend?days=30 HTTP/1.1" 200 OK
Redis 查询黑名单失败: Error 61 connecting to localhost:6379. Connection refused.
INFO:     127.0.0.1:64132 - "OPTIONS /api/v1/dashboard/agent-activity?days=7 HTTP/1.1" 200 OK
INFO:     127.0.0.1:64126 - "OPTIONS /api/v1/work-orders?status=pending&page_size=5 HTTP/1.1" 200 OK
INFO:     127.0.0.1:64133 - "OPTIONS /api/v1/dashboard/efficiency?days=30 HTTP/1.1" 200 OK
INFO:     127.0.0.1:64127 - "OPTIONS /api/v1/alerts?status=active&page_size=5 HTTP/1.1" 200 OK
INFO:     127.0.0.1:64133 - "OPTIONS /api/v1/dashboard/inventory-trend?days=30 HTTP/1.1" 200 OK
Redis 查询黑名单失败: Error 61 connecting to localhost:6379. Connection refused.
INFO:     127.0.0.1:64127 - "OPTIONS /api/v1/dashboard/agent-activity?days=7 HTTP/1.1" 200 OK
Redis 查询黑名单失败: Error 61 connecting to localhost:6379. Connection refused.
Redis 查询黑名单失败: Error 61 connecting to localhost:6379. Connection refused.
INFO:     127.0.0.1:64133 - "OPTIONS /api/v1/dashboard/efficiency?days=30 HTTP/1.1" 200 OK
INFO:     127.0.0.1:64127 - "OPTIONS /api/v1/work-orders?status=pending&page_size=5 HTTP/1.1" 200 OK
INFO:     127.0.0.1:64091 - "GET /api/v1/circuit-breaker/status HTTP/1.1" 200 OK
INFO:     127.0.0.1:64127 - "OPTIONS /api/v1/alerts?status=active&page_size=5 HTTP/1.1" 200 OK
Redis 查询黑名单失败: Error 61 connecting to localhost:6379. Connection refused.
Redis 查询黑名单失败: Error 61 connecting to localhost:6379. Connection refused.
INFO:     127.0.0.1:64126 - "GET /api/v1/dashboard/inventory-trend?days=30 HTTP/1.1" 200 OK
Redis 查询黑名单失败: Error 61 connecting to localhost:6379. Connection refused.
INFO:     127.0.0.1:64132 - "GET /api/v1/dashboard/sales-trend?days=30 HTTP/1.1" 200 OK
INFO:     127.0.0.1:64133 - "GET /api/v1/dashboard/agent-activity?days=7 HTTP/1.1" 200 OK
INFO:     127.0.0.1:64091 - "GET /api/v1/dashboard/efficiency?days=30 HTTP/1.1" 200 OK
Redis 查询黑名单失败: Error 61 connecting to localhost:6379. Connection refused.
Redis 查询黑名单失败: Error 61 connecting to localhost:6379. Connection refused.
Redis 查询黑名单失败: Error 61 connecting to localhost:6379. Connection refused.
INFO:     127.0.0.1:64129 - "GET /api/v1/dashboard/overview?days=7 HTTP/1.1" 200 OK
Redis 查询黑名单失败: Error 61 connecting to localhost:6379. Connection refused.
Redis 查询黑名单失败: Error 61 connecting to localhost:6379. Connection refused.
INFO:     127.0.0.1:64127 - "GET /api/v1/work-orders?status=pending&page_size=5 HTTP/1.1" 200 OK
INFO:     127.0.0.1:64132 - "GET /api/v1/circuit-breaker/status HTTP/1.1" 200 OK
INFO:     127.0.0.1:64126 - "GET /api/v1/alerts?status=active&page_size=5 HTTP/1.1" 200 OK
Redis 查询黑名单失败: Error 61 connecting to localhost:6379. Connection refused.
INFO:     127.0.0.1:64133 - "GET /api/v1/dashboard/inventory-trend?days=30 HTTP/1.1" 200 OK
INFO:     127.0.0.1:64129 - "GET /api/v1/dashboard/agent-activity?days=7 HTTP/1.1" 200 OK
INFO:     127.0.0.1:64091 - "GET /api/v1/dashboard/sales-trend?days=30 HTTP/1.1" 200 OK
Redis 查询黑名单失败: Error 61 connecting to localhost:6379. Connection refused.
Redis 查询黑名单失败: Error 61 connecting to localhost:6379. Connection refused.
INFO:     127.0.0.1:64127 - "GET /api/v1/dashboard/efficiency?days=30 HTTP/1.1" 200 OK
Redis 查询黑名单失败: Error 61 connecting to localhost:6379. Connection refused.
INFO:     127.0.0.1:64126 - "GET /api/v1/work-orders?status=pending&page_size=5 HTTP/1.1" 200 OK
INFO:     127.0.0.1:64133 - "GET /api/v1/alerts?status=active&page_size=5 HTTP/1.1" 200 OK
INFO:     127.0.0.1:64132 - "GET /api/v1/dashboard/overview?days=7 HTTP/1.1" 200 OK
INFO:     127.0.0.1:64132 - "OPTIONS /api/v1/agents HTTP/1.1" 200 OK
INFO:     127.0.0.1:64133 - "OPTIONS /api/v1/agents HTTP/1.1" 200 OK
Redis 查询黑名单失败: Error 61 connecting to localhost:6379. Connection refused.
INFO:     127.0.0.1:64126 - "GET /api/v1/agents HTTP/1.1" 200 OK
Redis 查询黑名单失败: Error 61 connecting to localhost:6379. Connection refused.
INFO:     127.0.0.1:64133 - "GET /api/v1/agents HTTP/1.1" 200 OK
INFO:     127.0.0.1:64133 - "OPTIONS /api/v1/agents/3/sessions?status=active&page=1&page_size=20 HTTP/1.1" 200 OK
INFO:     127.0.0.1:64126 - "OPTIONS /api/v1/agents/3/sessions?status=active&page=1&page_size=20 HTTP/1.1" 200 OK
Redis 查询黑名单失败: Error 61 connecting to localhost:6379. Connection refused.
INFO:     127.0.0.1:64132 - "GET /api/v1/agents/3/sessions?status=active&page=1&page_size=20 HTTP/1.1" 200 OK
Redis 查询黑名单失败: Error 61 connecting to localhost:6379. Connection refused.
INFO:     127.0.0.1:64132 - "OPTIONS /api/v1/agents/sessions/58/messages?page=1&page_size=50 HTTP/1.1" 200 OK
Redis 查询黑名单失败: Error 61 connecting to localhost:6379. Connection refused.
INFO:     127.0.0.1:64126 - "GET /api/v1/agents/3/sessions?status=active&page=1&page_size=20 HTTP/1.1" 200 OK
INFO:     127.0.0.1:64133 - "GET /api/v1/agents/sessions/58/messages?page=1&page_size=50 HTTP/1.1" 200 OK
Redis 查询黑名单失败: Error 61 connecting to localhost:6379. Connection refused.
INFO:     127.0.0.1:64133 - "GET /api/v1/circuit-breaker/status HTTP/1.1" 200 OK
Redis 查询黑名单失败: Error 61 connecting to localhost:6379. Connection refused.
INFO:     127.0.0.1:64268 - "GET /api/v1/circuit-breaker/status HTTP/1.1" 200 OK
Redis 查询黑名单失败: Error 61 connecting to localhost:6379. Connection refused.
INFO:     127.0.0.1:64313 - "GET /api/v1/circuit-breaker/status HTTP/1.1" 200 OK
Redis 查询黑名单失败: Error 61 connecting to localhost:6379. Connection refused.
INFO:     127.0.0.1:64358 - "GET /api/v1/circuit-breaker/status HTTP/1.1" 200 OK
INFO:     127.0.0.1:64358 - "OPTIONS /api/v1/agents/3/chat/stream HTTP/1.1" 200 OK
Redis 查询黑名单失败: Error 61 connecting to localhost:6379. Connection refused.
INFO:     127.0.0.1:64370 - "POST /api/v1/agents/3/chat/stream HTTP/1.1" 200 OK
[DeepSeekLLM] API 调用失败：Error code: 400 - {'error': {'message': "Messages with role 'tool' must be a response to a preceding message with 'tool_calls' (request_id: 22457873-db92-46f8-84cd-5713df0d7fa3)", 'type': 'invalid_request_error', 'param': None, 'code': 'invalid_request_error'}}
[Executor] LLM 调用失败：Error code: 400 - {'error': {'message': "Messages with role 'tool' must be a response to a preceding message with 'tool_calls' (request_id: 22457873-db92-46f8-84cd-5713df0d7fa3)", 'type': 'invalid_request_error', 'param': None, 'code': 'invalid_request_error'}}
[DeepSeekLLM] API 调用失败：Error code: 400 - {'error': {'message': "Messages with role 'tool' must be a response to a preceding message with 'tool_calls' (request_id: 66366bb7-afc1-497b-b94b-d79cccdaaa0d)", 'type': 'invalid_request_error', 'param': None, 'code': 'invalid_request_error'}}
[Executor] LLM 重试仍失败：Error code: 400 - {'error': {'message': "Messages with role 'tool' must be a response to a preceding message with 'tool_calls' (request_id: 66366bb7-afc1-497b-b94b-d79cccdaaa0d)", 'type': 'invalid_request_error', 'param': None, 'code': 'invalid_request_error'}}
Redis 查询黑名单失败: Error 61 connecting to localhost:6379. Connection refused.
INFO:     127.0.0.1:64409 - "GET /api/v1/circuit-breaker/status HTTP/1.1" 200 OK
Redis 查询黑名单失败: Error 61 connecting to localhost:6379. Connection refused.
INFO:     127.0.0.1:64453 - "GET /api/v1/circuit-breaker/status HTTP/1.1" 200 OK
Redis 查询黑名单失败: Error 61 connecting to localhost:6379. Connection refused.
INFO:     127.0.0.1:64498 - "GET /api/v1/circuit-breaker/status HTTP/1.1" 200 OK
Redis 查询黑名单失败: Error 61 connecting to localhost:6379. Connection refused.
INFO:     127.0.0.1:64553 - "GET /api/v1/circuit-breaker/status HTTP/1.1" 200 OK
Redis 查询黑名单失败: Error 61 connecting to localhost:6379. Connection refused.
INFO:     127.0.0.1:64610 - "GET /api/v1/circuit-breaker/status HTTP/1.1" 200 OK
Redis 查询黑名单失败: Error 61 connecting to localhost:6379. Connection refused.
INFO:     127.0.0.1:64666 - "GET /api/v1/circuit-breaker/status HTTP/1.1" 200 OK
Redis 查询黑名单失败: Error 61 connecting to localhost:6379. Connection refused.
INFO:     127.0.0.1:64710 - "GET /api/v1/circuit-breaker/status HTTP/1.1" 200 OK
Redis 查询黑名单失败: Error 61 connecting to localhost:6379. Connection refused.
INFO:     127.0.0.1:64755 - "GET /api/v1/circuit-breaker/status HTTP/1.1" 200 OK
INFO:     127.0.0.1:64755 - "OPTIONS /api/v1/agents/sessions/57/messages?page=1&page_size=50 HTTP/1.1" 200 OK
Redis 查询黑名单失败: Error 61 connecting to localhost:6379. Connection refused.
INFO:     127.0.0.1:64755 - "GET /api/v1/agents/sessions/57/messages?page=1&page_size=50 HTTP/1.1" 200 OK
INFO:     127.0.0.1:64755 - "OPTIONS /api/v1/agents/sessions/56/messages?page=1&page_size=50 HTTP/1.1" 200 OK
Redis 查询黑名单失败: Error 61 connecting to localhost:6379. Connection refused.
INFO:     127.0.0.1:64759 - "GET /api/v1/agents/sessions/56/messages?page=1&page_size=50 HTTP/1.1" 200 OK
INFO:     127.0.0.1:64810 - "OPTIONS /api/v1/circuit-breaker/status HTTP/1.1" 200 OK
Redis 查询黑名单失败: Error 61 connecting to localhost:6379. Connection refused.
INFO:     127.0.0.1:64810 - "GET /api/v1/circuit-breaker/status HTTP/1.1" 200 OK
Redis 查询黑名单失败: Error 61 connecting to localhost:6379. Connection refused.
INFO:     127.0.0.1:64855 - "GET /api/v1/circuit-breaker/status HTTP/1.1" 200 OK
INFO:     127.0.0.1:64883 - "OPTIONS /api/v1/agents/sessions/55/messages?page=1&page_size=50 HTTP/1.1" 200 OK
Redis 查询黑名单失败: Error 61 connecting to localhost:6379. Connection refused.
INFO:     127.0.0.1:64883 - "GET /api/v1/agents/sessions/55/messages?page=1&page_size=50 HTTP/1.1" 200 OK
INFO:     127.0.0.1:64883 - "OPTIONS /api/v1/agents/sessions/54/messages?page=1&page_size=50 HTTP/1.1" 200 OK
Redis 查询黑名单失败: Error 61 connecting to localhost:6379. Connection refused.
INFO:     127.0.0.1:64885 - "GET /api/v1/agents/sessions/54/messages?page=1&page_size=50 HTTP/1.1" 200 OK
INFO:     127.0.0.1:64885 - "OPTIONS /api/v1/agents/sessions/53/messages?page=1&page_size=50 HTTP/1.1" 200 OK
Redis 查询黑名单失败: Error 61 connecting to localhost:6379. Connection refused.
INFO:     127.0.0.1:64885 - "GET /api/v1/agents/sessions/53/messages?page=1&page_size=50 HTTP/1.1" 200 OK
Redis 查询黑名单失败: Error 61 connecting to localhost:6379. Connection refused.
INFO:     127.0.0.1:64885 - "GET /api/v1/circuit-breaker/status HTTP/1.1" 200 OK
Redis 查询黑名单失败: Error 61 connecting to localhost:6379. Connection refused.
INFO:     127.0.0.1:64885 - "GET /api/v1/agents/sessions/54/messages?page=1&page_size=50 HTTP/1.1" 200 OK
Redis 查询黑名单失败: Error 61 connecting to localhost:6379. Connection refused.
INFO:     127.0.0.1:64885 - "GET /api/v1/agents/sessions/55/messages?page=1&page_size=50 HTTP/1.1" 200 OK
Redis 查询黑名单失败: Error 61 connecting to localhost:6379. Connection refused.
INFO:     127.0.0.1:64885 - "GET /api/v1/circuit-breaker/status HTTP/1.1" 200 OK
Redis 查询黑名单失败: Error 61 connecting to localhost:6379. Connection refused.
INFO:     127.0.0.1:64885 - "GET /api/v1/agents/sessions/56/messages?page=1&page_size=50 HTTP/1.1" 200 OK
Redis 查询黑名单失败: Error 61 connecting to localhost:6379. Connection refused.
INFO:     127.0.0.1:64885 - "GET /api/v1/agents/sessions/57/messages?page=1&page_size=50 HTTP/1.1" 200 OK
Redis 查询黑名单失败: Error 61 connecting to localhost:6379. Connection refused.
INFO:     127.0.0.1:64885 - "GET /api/v1/agents/sessions/58/messages?page=1&page_size=50 HTTP/1.1" 200 OK
Redis 查询黑名单失败: Error 61 connecting to localhost:6379. Connection refused.
INFO:     127.0.0.1:65021 - "GET /api/v1/agents HTTP/1.1" 200 OK
Redis 查询黑名单失败: Error 61 connecting to localhost:6379. Connection refused.
INFO:     127.0.0.1:65021 - "GET /api/v1/agents HTTP/1.1" 200 OK
Redis 查询黑名单失败: Error 61 connecting to localhost:6379. Connection refused.
INFO:     127.0.0.1:65021 - "GET /api/v1/circuit-breaker/status HTTP/1.1" 200 OK
INFO:     127.0.0.1:65021 - "OPTIONS /api/v1/agents/3 HTTP/1.1" 200 OK
INFO:     127.0.0.1:65025 - "OPTIONS /api/v1/agents/3/sessions?page_size=10 HTTP/1.1" 200 OK
INFO:     127.0.0.1:65039 - "OPTIONS /api/v1/agents/3 HTTP/1.1" 200 OK
INFO:     127.0.0.1:65041 - "OPTIONS /api/v1/agents/3/sessions?page_size=10 HTTP/1.1" 200 OK
Redis 查询黑名单失败: Error 61 connecting to localhost:6379. Connection refused.
Redis 查询黑名单失败: Error 61 connecting to localhost:6379. Connection refused.
INFO:     127.0.0.1:65043 - "GET /api/v1/agents/3 HTTP/1.1" 200 OK
Redis 查询黑名单失败: Error 61 connecting to localhost:6379. Connection refused.
INFO:     127.0.0.1:65021 - "GET /api/v1/agents/3/sessions?page_size=10 HTTP/1.1" 200 OK
INFO:     127.0.0.1:65041 - "GET /api/v1/agents/3 HTTP/1.1" 200 OK
Redis 查询黑名单失败: Error 61 connecting to localhost:6379. Connection refused.
INFO:     127.0.0.1:65043 - "GET /api/v1/agents/3/sessions?page_size=10 HTTP/1.1" 200 OK
Redis 查询黑名单失败: Error 61 connecting to localhost:6379. Connection refused.
INFO:     127.0.0.1:65079 - "GET /api/v1/agents HTTP/1.1" 200 OK
Redis 查询黑名单失败: Error 61 connecting to localhost:6379. Connection refused.
INFO:     127.0.0.1:65079 - "GET /api/v1/agents HTTP/1.1" 200 OK
Redis 查询黑名单失败: Error 61 connecting to localhost:6379. Connection refused.
INFO:     127.0.0.1:65079 - "GET /api/v1/circuit-breaker/status HTTP/1.1" 200 OK
Redis 查询黑名单失败: Error 61 connecting to localhost:6379. Connection refused.
INFO:     127.0.0.1:65083 - "GET /api/v1/circuit-breaker/status HTTP/1.1" 200 OK
Redis 查询黑名单失败: Error 61 connecting to localhost:6379. Connection refused.
INFO:     127.0.0.1:65083 - "POST /api/v1/agents HTTP/1.1" 500 Internal Server Error
ERROR:    Exception in ASGI application
Traceback (most recent call last):
  File "/Users/quenteen/aiow/aiow-os/backend/.venv/lib/python3.12/site-packages/sqlalchemy/dialects/postgresql/asyncpg.py", line 538, in _prepare_and_execute
    self._rows = deque(await prepared_stmt.fetch(*parameters))
                       ^^^^^^^^^^^^^^^^^^^^^^^^^^^^^^^^^^^^^^
  File "/Users/quenteen/aiow/aiow-os/backend/.venv/lib/python3.12/site-packages/asyncpg/prepared_stmt.py", line 176, in fetch
    data = await self.__bind_execute(args, 0, timeout)
           ^^^^^^^^^^^^^^^^^^^^^^^^^^^^^^^^^^^^^^^^^^^
  File "/Users/quenteen/aiow/aiow-os/backend/.venv/lib/python3.12/site-packages/asyncpg/prepared_stmt.py", line 241, in __bind_execute
    data, status, _ = await self.__do_execute(
                      ^^^^^^^^^^^^^^^^^^^^^^^^
  File "/Users/quenteen/aiow/aiow-os/backend/.venv/lib/python3.12/site-packages/asyncpg/prepared_stmt.py", line 230, in __do_execute
    return await executor(protocol)
           ^^^^^^^^^^^^^^^^^^^^^^^^
  File "asyncpg/protocol/protocol.pyx", line 207, in bind_execute
asyncpg.exceptions.UniqueViolationError: duplicate key value violates unique constraint "uk_agents_business_id"
DETAIL:  Key (business_id)=(2) already exists.

The above exception was the direct cause of the following exception:

Traceback (most recent call last):
  File "/Users/quenteen/aiow/aiow-os/backend/.venv/lib/python3.12/site-packages/sqlalchemy/engine/base.py", line 1967, in _exec_single_context
    self.dialect.do_execute(
  File "/Users/quenteen/aiow/aiow-os/backend/.venv/lib/python3.12/site-packages/sqlalchemy/engine/default.py", line 941, in do_execute
    cursor.execute(statement, parameters)
  File "/Users/quenteen/aiow/aiow-os/backend/.venv/lib/python3.12/site-packages/sqlalchemy/dialects/postgresql/asyncpg.py", line 572, in execute
    self._adapt_connection.await_(
  File "/Users/quenteen/aiow/aiow-os/backend/.venv/lib/python3.12/site-packages/sqlalchemy/util/_concurrency_py3k.py", line 132, in await_only
    return current.parent.switch(awaitable)  # type: ignore[no-any-return,attr-defined] # noqa: E501
           ^^^^^^^^^^^^^^^^^^^^^^^^^^^^^^^^
  File "/Users/quenteen/aiow/aiow-os/backend/.venv/lib/python3.12/site-packages/sqlalchemy/util/_concurrency_py3k.py", line 196, in greenlet_spawn
    value = await result
            ^^^^^^^^^^^^
  File "/Users/quenteen/aiow/aiow-os/backend/.venv/lib/python3.12/site-packages/sqlalchemy/dialects/postgresql/asyncpg.py", line 550, in _prepare_and_execute
    self._handle_exception(error)
  File "/Users/quenteen/aiow/aiow-os/backend/.venv/lib/python3.12/site-packages/sqlalchemy/dialects/postgresql/asyncpg.py", line 501, in _handle_exception
    self._adapt_connection._handle_exception(error)
  File "/Users/quenteen/aiow/aiow-os/backend/.venv/lib/python3.12/site-packages/sqlalchemy/dialects/postgresql/asyncpg.py", line 784, in _handle_exception
    raise translated_error from error
sqlalchemy.dialects.postgresql.asyncpg.AsyncAdapt_asyncpg_dbapi.IntegrityError: <class 'asyncpg.exceptions.UniqueViolationError'>: duplicate key value violates unique constraint "uk_agents_business_id"
DETAIL:  Key (business_id)=(2) already exists.

The above exception was the direct cause of the following exception:

Traceback (most recent call last):
  File "/Users/quenteen/aiow/aiow-os/backend/.venv/lib/python3.12/site-packages/uvicorn/protocols/http/httptools_impl.py", line 401, in run_asgi
    result = await app(  # type: ignore[func-returns-value]
             ^^^^^^^^^^^^^^^^^^^^^^^^^^^^^^^^^^^^^^^^^^^^^^
  File "/Users/quenteen/aiow/aiow-os/backend/.venv/lib/python3.12/site-packages/uvicorn/middleware/proxy_headers.py", line 70, in __call__
    return await self.app(scope, receive, send)
           ^^^^^^^^^^^^^^^^^^^^^^^^^^^^^^^^^^^^
  File "/Users/quenteen/aiow/aiow-os/backend/.venv/lib/python3.12/site-packages/fastapi/applications.py", line 1054, in __call__
    await super().__call__(scope, receive, send)
  File "/Users/quenteen/aiow/aiow-os/backend/.venv/lib/python3.12/site-packages/starlette/applications.py", line 113, in __call__
    await self.middleware_stack(scope, receive, send)
  File "/Users/quenteen/aiow/aiow-os/backend/.venv/lib/python3.12/site-packages/starlette/middleware/errors.py", line 187, in __call__
    raise exc
  File "/Users/quenteen/aiow/aiow-os/backend/.venv/lib/python3.12/site-packages/starlette/middleware/errors.py", line 165, in __call__
    await self.app(scope, receive, _send)
  File "/Users/quenteen/aiow/aiow-os/backend/.venv/lib/python3.12/site-packages/starlette/middleware/base.py", line 185, in __call__
    with collapse_excgroups():
         ^^^^^^^^^^^^^^^^^^^^
  File "/Users/quenteen/.local/share/uv/python/cpython-3.12.14-macos-x86_64-none/lib/python3.12/contextlib.py", line 158, in __exit__
    self.gen.throw(value)
  File "/Users/quenteen/aiow/aiow-os/backend/.venv/lib/python3.12/site-packages/starlette/_utils.py", line 83, in collapse_excgroups
    raise exc
  File "/Users/quenteen/aiow/aiow-os/backend/.venv/lib/python3.12/site-packages/starlette/middleware/base.py", line 187, in __call__
    response = await self.dispatch_func(request, call_next)
               ^^^^^^^^^^^^^^^^^^^^^^^^^^^^^^^^^^^^^^^^^^^^
  File "/Users/quenteen/aiow/aiow-os/backend/app/api/v1/monitoring.py", line 117, in metrics_middleware
    response = await call_next(request)
               ^^^^^^^^^^^^^^^^^^^^^^^^
  File "/Users/quenteen/aiow/aiow-os/backend/.venv/lib/python3.12/site-packages/starlette/middleware/base.py", line 163, in call_next
    raise app_exc
  File "/Users/quenteen/aiow/aiow-os/backend/.venv/lib/python3.12/site-packages/starlette/middleware/base.py", line 149, in coro
    await self.app(scope, receive_or_disconnect, send_no_error)
  File "/Users/quenteen/aiow/aiow-os/backend/app/main.py", line 72, in __call__
    await self.app(scope, receive, send)
  File "/Users/quenteen/aiow/aiow-os/backend/.venv/lib/python3.12/site-packages/starlette/middleware/cors.py", line 93, in __call__
    await self.simple_response(scope, receive, send, request_headers=headers)
  File "/Users/quenteen/aiow/aiow-os/backend/.venv/lib/python3.12/site-packages/starlette/middleware/cors.py", line 144, in simple_response
    await self.app(scope, receive, send)
  File "/Users/quenteen/aiow/aiow-os/backend/.venv/lib/python3.12/site-packages/starlette/middleware/base.py", line 185, in __call__
    with collapse_excgroups():
         ^^^^^^^^^^^^^^^^^^^^
  File "/Users/quenteen/.local/share/uv/python/cpython-3.12.14-macos-x86_64-none/lib/python3.12/contextlib.py", line 158, in __exit__
    self.gen.throw(value)
  File "/Users/quenteen/aiow/aiow-os/backend/.venv/lib/python3.12/site-packages/starlette/_utils.py", line 83, in collapse_excgroups
    raise exc
  File "/Users/quenteen/aiow/aiow-os/backend/.venv/lib/python3.12/site-packages/starlette/middleware/base.py", line 187, in __call__
    response = await self.dispatch_func(request, call_next)
               ^^^^^^^^^^^^^^^^^^^^^^^^^^^^^^^^^^^^^^^^^^^^
  File "/Users/quenteen/aiow/aiow-os/backend/app/api/response.py", line 24, in dispatch
    response = await call_next(request)
               ^^^^^^^^^^^^^^^^^^^^^^^^
  File "/Users/quenteen/aiow/aiow-os/backend/.venv/lib/python3.12/site-packages/starlette/middleware/base.py", line 163, in call_next
    raise app_exc
  File "/Users/quenteen/aiow/aiow-os/backend/.venv/lib/python3.12/site-packages/starlette/middleware/base.py", line 149, in coro
    await self.app(scope, receive_or_disconnect, send_no_error)
  File "/Users/quenteen/aiow/aiow-os/backend/.venv/lib/python3.12/site-packages/starlette/middleware/exceptions.py", line 62, in __call__
    await wrap_app_handling_exceptions(self.app, conn)(scope, receive, send)
  File "/Users/quenteen/aiow/aiow-os/backend/.venv/lib/python3.12/site-packages/starlette/_exception_handler.py", line 62, in wrapped_app
    raise exc
  File "/Users/quenteen/aiow/aiow-os/backend/.venv/lib/python3.12/site-packages/starlette/_exception_handler.py", line 51, in wrapped_app
    await app(scope, receive, sender)
  File "/Users/quenteen/aiow/aiow-os/backend/.venv/lib/python3.12/site-packages/starlette/routing.py", line 715, in __call__
    await self.middleware_stack(scope, receive, send)
  File "/Users/quenteen/aiow/aiow-os/backend/.venv/lib/python3.12/site-packages/starlette/routing.py", line 735, in app
    await route.handle(scope, receive, send)
  File "/Users/quenteen/aiow/aiow-os/backend/.venv/lib/python3.12/site-packages/starlette/routing.py", line 288, in handle
    await self.app(scope, receive, send)
  File "/Users/quenteen/aiow/aiow-os/backend/.venv/lib/python3.12/site-packages/starlette/routing.py", line 76, in app
    await wrap_app_handling_exceptions(app, request)(scope, receive, send)
  File "/Users/quenteen/aiow/aiow-os/backend/.venv/lib/python3.12/site-packages/starlette/_exception_handler.py", line 62, in wrapped_app
    raise exc
  File "/Users/quenteen/aiow/aiow-os/backend/.venv/lib/python3.12/site-packages/starlette/_exception_handler.py", line 51, in wrapped_app
    await app(scope, receive, sender)
  File "/Users/quenteen/aiow/aiow-os/backend/.venv/lib/python3.12/site-packages/starlette/routing.py", line 73, in app
    response = await f(request)
               ^^^^^^^^^^^^^^^^
  File "/Users/quenteen/aiow/aiow-os/backend/.venv/lib/python3.12/site-packages/fastapi/routing.py", line 301, in app
    raw_response = await run_endpoint_function(
                   ^^^^^^^^^^^^^^^^^^^^^^^^^^^^
  File "/Users/quenteen/aiow/aiow-os/backend/.venv/lib/python3.12/site-packages/fastapi/routing.py", line 212, in run_endpoint_function
    return await dependant.call(**values)
           ^^^^^^^^^^^^^^^^^^^^^^^^^^^^^^
  File "/Users/quenteen/aiow/aiow-os/backend/app/api/v1/agent.py", line 59, in create_agent_api
    agent = await create_agent(db, user.business_id, req)
            ^^^^^^^^^^^^^^^^^^^^^^^^^^^^^^^^^^^^^^^^^^^^^
  File "/Users/quenteen/aiow/aiow-os/backend/app/services/agent_service.py", line 114, in create_agent
    await db.commit()
  File "/Users/quenteen/aiow/aiow-os/backend/.venv/lib/python3.12/site-packages/sqlalchemy/ext/asyncio/session.py", line 1009, in commit
    await greenlet_spawn(self.sync_session.commit)
  File "/Users/quenteen/aiow/aiow-os/backend/.venv/lib/python3.12/site-packages/sqlalchemy/util/_concurrency_py3k.py", line 203, in greenlet_spawn
    result = context.switch(value)
             ^^^^^^^^^^^^^^^^^^^^^
  File "/Users/quenteen/aiow/aiow-os/backend/.venv/lib/python3.12/site-packages/sqlalchemy/orm/session.py", line 2028, in commit
    trans.commit(_to_root=True)
  File "<string>", line 2, in commit
  File "/Users/quenteen/aiow/aiow-os/backend/.venv/lib/python3.12/site-packages/sqlalchemy/orm/state_changes.py", line 139, in _go
    ret_value = fn(self, *arg, **kw)
                ^^^^^^^^^^^^^^^^^^^^
  File "/Users/quenteen/aiow/aiow-os/backend/.venv/lib/python3.12/site-packages/sqlalchemy/orm/session.py", line 1313, in commit
    self._prepare_impl()
  File "<string>", line 2, in _prepare_impl
  File "/Users/quenteen/aiow/aiow-os/backend/.venv/lib/python3.12/site-packages/sqlalchemy/orm/state_changes.py", line 139, in _go
    ret_value = fn(self, *arg, **kw)
                ^^^^^^^^^^^^^^^^^^^^
  File "/Users/quenteen/aiow/aiow-os/backend/.venv/lib/python3.12/site-packages/sqlalchemy/orm/session.py", line 1288, in _prepare_impl
    self.session.flush()
  File "/Users/quenteen/aiow/aiow-os/backend/.venv/lib/python3.12/site-packages/sqlalchemy/orm/session.py", line 4352, in flush
    self._flush(objects)
  File "/Users/quenteen/aiow/aiow-os/backend/.venv/lib/python3.12/site-packages/sqlalchemy/orm/session.py", line 4487, in _flush
    with util.safe_reraise():
         ^^^^^^^^^^^^^^^^^^^
  File "/Users/quenteen/aiow/aiow-os/backend/.venv/lib/python3.12/site-packages/sqlalchemy/util/langhelpers.py", line 146, in __exit__
    raise exc_value.with_traceback(exc_tb)
  File "/Users/quenteen/aiow/aiow-os/backend/.venv/lib/python3.12/site-packages/sqlalchemy/orm/session.py", line 4448, in _flush
    flush_context.execute()
  File "/Users/quenteen/aiow/aiow-os/backend/.venv/lib/python3.12/site-packages/sqlalchemy/orm/unitofwork.py", line 466, in execute
    rec.execute(self)
  File "/Users/quenteen/aiow/aiow-os/backend/.venv/lib/python3.12/site-packages/sqlalchemy/orm/unitofwork.py", line 642, in execute
    util.preloaded.orm_persistence.save_obj(
  File "/Users/quenteen/aiow/aiow-os/backend/.venv/lib/python3.12/site-packages/sqlalchemy/orm/persistence.py", line 93, in save_obj
    _emit_insert_statements(
  File "/Users/quenteen/aiow/aiow-os/backend/.venv/lib/python3.12/site-packages/sqlalchemy/orm/persistence.py", line 1233, in _emit_insert_statements
    result = connection.execute(
             ^^^^^^^^^^^^^^^^^^^
  File "/Users/quenteen/aiow/aiow-os/backend/.venv/lib/python3.12/site-packages/sqlalchemy/engine/base.py", line 1418, in execute
    return meth(
           ^^^^^
  File "/Users/quenteen/aiow/aiow-os/backend/.venv/lib/python3.12/site-packages/sqlalchemy/sql/elements.py", line 515, in _execute_on_connection
    return connection._execute_clauseelement(
           ^^^^^^^^^^^^^^^^^^^^^^^^^^^^^^^^^^
  File "/Users/quenteen/aiow/aiow-os/backend/.venv/lib/python3.12/site-packages/sqlalchemy/engine/base.py", line 1640, in _execute_clauseelement
    ret = self._execute_context(
          ^^^^^^^^^^^^^^^^^^^^^^
  File "/Users/quenteen/aiow/aiow-os/backend/.venv/lib/python3.12/site-packages/sqlalchemy/engine/base.py", line 1846, in _execute_context
    return self._exec_single_context(
           ^^^^^^^^^^^^^^^^^^^^^^^^^^
  File "/Users/quenteen/aiow/aiow-os/backend/.venv/lib/python3.12/site-packages/sqlalchemy/engine/base.py", line 1986, in _exec_single_context
    self._handle_dbapi_exception(
  File "/Users/quenteen/aiow/aiow-os/backend/.venv/lib/python3.12/site-packages/sqlalchemy/engine/base.py", line 2355, in _handle_dbapi_exception
    raise sqlalchemy_exception.with_traceback(exc_info[2]) from e
  File "/Users/quenteen/aiow/aiow-os/backend/.venv/lib/python3.12/site-packages/sqlalchemy/engine/base.py", line 1967, in _exec_single_context
    self.dialect.do_execute(
  File "/Users/quenteen/aiow/aiow-os/backend/.venv/lib/python3.12/site-packages/sqlalchemy/engine/default.py", line 941, in do_execute
    cursor.execute(statement, parameters)
  File "/Users/quenteen/aiow/aiow-os/backend/.venv/lib/python3.12/site-packages/sqlalchemy/dialects/postgresql/asyncpg.py", line 572, in execute
    self._adapt_connection.await_(
  File "/Users/quenteen/aiow/aiow-os/backend/.venv/lib/python3.12/site-packages/sqlalchemy/util/_concurrency_py3k.py", line 132, in await_only
    return current.parent.switch(awaitable)  # type: ignore[no-any-return,attr-defined] # noqa: E501
           ^^^^^^^^^^^^^^^^^^^^^^^^^^^^^^^^
  File "/Users/quenteen/aiow/aiow-os/backend/.venv/lib/python3.12/site-packages/sqlalchemy/util/_concurrency_py3k.py", line 196, in greenlet_spawn
    value = await result
            ^^^^^^^^^^^^
  File "/Users/quenteen/aiow/aiow-os/backend/.venv/lib/python3.12/site-packages/sqlalchemy/dialects/postgresql/asyncpg.py", line 550, in _prepare_and_execute
    self._handle_exception(error)
  File "/Users/quenteen/aiow/aiow-os/backend/.venv/lib/python3.12/site-packages/sqlalchemy/dialects/postgresql/asyncpg.py", line 501, in _handle_exception
    self._adapt_connection._handle_exception(error)
  File "/Users/quenteen/aiow/aiow-os/backend/.venv/lib/python3.12/site-packages/sqlalchemy/dialects/postgresql/asyncpg.py", line 784, in _handle_exception
    raise translated_error from error
sqlalchemy.exc.IntegrityError: (sqlalchemy.dialects.postgresql.asyncpg.IntegrityError) <class 'asyncpg.exceptions.UniqueViolationError'>: duplicate key value violates unique constraint "uk_agents_business_id"
DETAIL:  Key (business_id)=(2) already exists.
[SQL: INSERT INTO agents (business_id, name, role, avatar, autonomy_level, status, model, system_prompt_text, config) VALUES ($1::BIGINT, $2::VARCHAR, $3::VARCHAR, $4::VARCHAR, $5::VARCHAR, $6::VARCHAR, $7::VARCHAR, $8::VARCHAR, $9::JSONB) RETURNING agents.id, agents.created_at, agents.updated_at]
[parameters: (2, 'any', 'analyst', None, 'L2', 'ready', None, None, '{"allowed_tools": ["search_products", "get_inventory", "list_orders", "get_order_detail"]}')]
(Background on this error at: https://sqlalche.me/e/20/gkpj)
INFO:     127.0.0.1:65174 - "OPTIONS /api/v1/customers?keyword=&page=1&page_size=50 HTTP/1.1" 200 OK
INFO:     127.0.0.1:65176 - "OPTIONS /api/v1/customers?keyword=&page=1&page_size=50 HTTP/1.1" 200 OK
Redis 查询黑名单失败: Error 61 connecting to localhost:6379. Connection refused.
INFO:     127.0.0.1:65174 - "GET /api/v1/customers?keyword=&page=1&page_size=50 HTTP/1.1" 200 OK
Redis 查询黑名单失败: Error 61 connecting to localhost:6379. Connection refused.
INFO:     127.0.0.1:65176 - "GET /api/v1/customers?keyword=&page=1&page_size=50 HTTP/1.1" 200 OK
INFO:     127.0.0.1:65176 - "OPTIONS /api/v1/orders?order_no=&status=&page=1&page_size=20 HTTP/1.1" 200 OK
INFO:     127.0.0.1:65174 - "OPTIONS /api/v1/orders?order_no=&status=&page=1&page_size=20 HTTP/1.1" 200 OK
Redis 查询黑名单失败: Error 61 connecting to localhost:6379. Connection refused.
INFO:     127.0.0.1:65180 - "GET /api/v1/orders?order_no=&status=&page=1&page_size=20 HTTP/1.1" 200 OK
Redis 查询黑名单失败: Error 61 connecting to localhost:6379. Connection refused.
INFO:     127.0.0.1:65176 - "GET /api/v1/orders?order_no=&status=&page=1&page_size=20 HTTP/1.1" 200 OK
INFO:     127.0.0.1:65176 - "OPTIONS /api/v1/products?keyword=&status=&page=1&page_size=20 HTTP/1.1" 200 OK
INFO:     127.0.0.1:65180 - "OPTIONS /api/v1/products?keyword=&status=&page=1&page_size=20 HTTP/1.1" 200 OK
Redis 查询黑名单失败: Error 61 connecting to localhost:6379. Connection refused.
INFO:     127.0.0.1:65174 - "GET /api/v1/products?keyword=&status=&page=1&page_size=20 HTTP/1.1" 200 OK
Redis 查询黑名单失败: Error 61 connecting to localhost:6379. Connection refused.
INFO:     127.0.0.1:65176 - "GET /api/v1/products?keyword=&status=&page=1&page_size=20 HTTP/1.1" 200 OK
Redis 查询黑名单失败: Error 61 connecting to localhost:6379. Connection refused.
INFO:     127.0.0.1:65176 - "GET /api/v1/circuit-breaker/status HTTP/1.1" 200 OK
INFO:     127.0.0.1:65176 - "OPTIONS /api/v1/inventory?keyword=&status=&page=1&page_size=50 HTTP/1.1" 200 OK
INFO:     127.0.0.1:65174 - "OPTIONS /api/v1/inventory?keyword=&status=&page=1&page_size=50 HTTP/1.1" 200 OK
Redis 查询黑名单失败: Error 61 connecting to localhost:6379. Connection refused.
INFO:     127.0.0.1:65176 - "GET /api/v1/inventory?keyword=&status=&page=1&page_size=50 HTTP/1.1" 200 OK
Redis 查询黑名单失败: Error 61 connecting to localhost:6379. Connection refused.
INFO:     127.0.0.1:65174 - "GET /api/v1/inventory?keyword=&status=&page=1&page_size=50 HTTP/1.1" 200 OK
INFO:     127.0.0.1:65261 - "OPTIONS /api/v1/inventory/stocktake HTTP/1.1" 200 OK
INFO:     127.0.0.1:65262 - "OPTIONS /api/v1/inventory/stocktake HTTP/1.1" 200 OK
Redis 查询黑名单失败: Error 61 connecting to localhost:6379. Connection refused.
INFO:     127.0.0.1:65261 - "GET /api/v1/inventory/stocktake HTTP/1.1" 422 Unprocessable Entity
Redis 查询黑名单失败: Error 61 connecting to localhost:6379. Connection refused.
INFO:     127.0.0.1:65262 - "GET /api/v1/inventory/stocktake HTTP/1.1" 422 Unprocessable Entity
Redis 查询黑名单失败: Error 61 connecting to localhost:6379. Connection refused.
INFO:     127.0.0.1:65262 - "GET /api/v1/circuit-breaker/status HTTP/1.1" 200 OK
Redis 查询黑名单失败: Error 61 connecting to localhost:6379. Connection refused.
INFO:     127.0.0.1:65262 - "GET /api/v1/inventory?keyword=&status=&page=1&page_size=50 HTTP/1.1" 200 OK
Redis 查询黑名单失败: Error 61 connecting to localhost:6379. Connection refused.
INFO:     127.0.0.1:65261 - "GET /api/v1/inventory?keyword=&status=&page=1&page_size=50 HTTP/1.1" 200 OK
INFO:     127.0.0.1:65266 - "OPTIONS /api/v1/inventory/6b412a63-075d-49ff-8fbc-f59ed91c5edf HTTP/1.1" 200 OK
INFO:     127.0.0.1:65316 - "OPTIONS /api/v1/inventory/6b412a63-075d-49ff-8fbc-f59ed91c5edf HTTP/1.1" 200 OK
Redis 查询黑名单失败: Error 61 connecting to localhost:6379. Connection refused.
INFO:     127.0.0.1:65318 - "GET /api/v1/inventory/6b412a63-075d-49ff-8fbc-f59ed91c5edf HTTP/1.1" 200 OK
Redis 查询黑名单失败: Error 61 connecting to localhost:6379. Connection refused.
INFO:     127.0.0.1:65316 - "GET /api/v1/inventory/6b412a63-075d-49ff-8fbc-f59ed91c5edf HTTP/1.1" 200 OK
Redis 查询黑名单失败: Error 61 connecting to localhost:6379. Connection refused.
INFO:     127.0.0.1:65316 - "GET /api/v1/circuit-breaker/status HTTP/1.1" 200 OK
Redis 查询黑名单失败: Error 61 connecting to localhost:6379. Connection refused.
INFO:     127.0.0.1:65374 - "GET /api/v1/circuit-breaker/status HTTP/1.1" 200 OK
Redis 查询黑名单失败: Error 61 connecting to localhost:6379. Connection refused.
Redis 查询黑名单失败: Error 61 connecting to localhost:6379. Connection refused.
INFO:     127.0.0.1:65374 - "GET /api/v1/circuit-breaker/status HTTP/1.1" 200 OK
Redis 查询黑名单失败: Error 61 connecting to localhost:6379. Connection refused.
INFO:     127.0.0.1:65412 - "GET /api/v1/inventory?keyword=&status=&page=1&page_size=50 HTTP/1.1" 200 OK
INFO:     127.0.0.1:65418 - "GET /api/v1/circuit-breaker/status HTTP/1.1" 200 OK
Redis 查询黑名单失败: Error 61 connecting to localhost:6379. Connection refused.
INFO:     127.0.0.1:65374 - "GET /api/v1/inventory?keyword=&status=&page=1&page_size=50 HTTP/1.1" 200 OK
Redis 查询黑名单失败: Error 61 connecting to localhost:6379. Connection refused.
INFO:     127.0.0.1:65374 - "GET /api/v1/orders?order_no=&status=&page=1&page_size=20 HTTP/1.1" 200 OK
Redis 查询黑名单失败: Error 61 connecting to localhost:6379. Connection refused.
INFO:     127.0.0.1:65418 - "GET /api/v1/orders?order_no=&status=&page=1&page_size=20 HTTP/1.1" 200 OK
Redis 查询黑名单失败: Error 61 connecting to localhost:6379. Connection refused.
INFO:     127.0.0.1:65464 - "GET /api/v1/customers?keyword=&page=1&page_size=50 HTTP/1.1" 200 OK
Redis 查询黑名单失败: Error 61 connecting to localhost:6379. Connection refused.
INFO:     127.0.0.1:65464 - "GET /api/v1/customers?keyword=&page=1&page_size=50 HTTP/1.1" 200 OK
Redis 查询黑名单失败: Error 61 connecting to localhost:6379. Connection refused.
INFO:     127.0.0.1:65464 - "GET /api/v1/agents HTTP/1.1" 200 OK
Redis 查询黑名单失败: Error 61 connecting to localhost:6379. Connection refused.
INFO:     127.0.0.1:65468 - "GET /api/v1/agents HTTP/1.1" 200 OK
Redis 查询黑名单失败: Error 61 connecting to localhost:6379. Connection refused.
INFO:     127.0.0.1:65468 - "GET /api/v1/circuit-breaker/status HTTP/1.1" 200 OK
INFO:     127.0.0.1:65468 - "OPTIONS /api/v1/work-orders?page=1&page_size=20 HTTP/1.1" 200 OK
INFO:     127.0.0.1:65464 - "OPTIONS /api/v1/work-orders?page=1&page_size=20 HTTP/1.1" 200 OK
Redis 查询黑名单失败: Error 61 connecting to localhost:6379. Connection refused.
INFO:     127.0.0.1:65464 - "GET /api/v1/work-orders?page=1&page_size=20 HTTP/1.1" 200 OK
Redis 查询黑名单失败: Error 61 connecting to localhost:6379. Connection refused.
INFO:     127.0.0.1:65468 - "GET /api/v1/work-orders?page=1&page_size=20 HTTP/1.1" 200 OK
INFO:     127.0.0.1:65491 - "OPTIONS /api/v1/work-orders/54 HTTP/1.1" 200 OK
INFO:     127.0.0.1:65528 - "OPTIONS /api/v1/work-orders/54 HTTP/1.1" 200 OK
Redis 查询黑名单失败: Error 61 connecting to localhost:6379. Connection refused.
INFO:     127.0.0.1:65530 - "GET /api/v1/work-orders/54 HTTP/1.1" 200 OK
Redis 查询黑名单失败: Error 61 connecting to localhost:6379. Connection refused.
INFO:     127.0.0.1:65528 - "GET /api/v1/work-orders/54 HTTP/1.1" 200 OK
Redis 查询黑名单失败: Error 61 connecting to localhost:6379. Connection refused.
INFO:     127.0.0.1:65528 - "GET /api/v1/circuit-breaker/status HTTP/1.1" 200 OK
Redis 查询黑名单失败: Error 61 connecting to localhost:6379. Connection refused.
INFO:     127.0.0.1:49208 - "GET /api/v1/circuit-breaker/status HTTP/1.1" 200 OK
Redis 查询黑名单失败: Error 61 connecting to localhost:6379. Connection refused.
INFO:     127.0.0.1:49259 - "GET /api/v1/circuit-breaker/status HTTP/1.1" 200 OK
INFO:     127.0.0.1:49259 - "OPTIONS /api/v1/loops HTTP/1.1" 200 OK
INFO:     127.0.0.1:49275 - "OPTIONS /api/v1/loops HTTP/1.1" 200 OK
Redis 查询黑名单失败: Error 61 connecting to localhost:6379. Connection refused.
INFO:     127.0.0.1:49259 - "GET /api/v1/loops HTTP/1.1" 200 OK
Redis 查询黑名单失败: Error 61 connecting to localhost:6379. Connection refused.
INFO:     127.0.0.1:49275 - "GET /api/v1/loops HTTP/1.1" 200 OK
INFO:     127.0.0.1:49277 - "OPTIONS /api/v1/loops/2 HTTP/1.1" 200 OK
INFO:     127.0.0.1:49323 - "OPTIONS /api/v1/loops/2/runs?page_size=10 HTTP/1.1" 200 OK
INFO:     127.0.0.1:49325 - "OPTIONS /api/v1/loops/2 HTTP/1.1" 200 OK
INFO:     127.0.0.1:49326 - "OPTIONS /api/v1/loops/2/runs?page_size=10 HTTP/1.1" 200 OK
Redis 查询黑名单失败: Error 61 connecting to localhost:6379. Connection refused.
Redis 查询黑名单失败: Error 61 connecting to localhost:6379. Connection refused.
INFO:     127.0.0.1:49277 - "GET /api/v1/loops/2 HTTP/1.1" 200 OK
Redis 查询黑名单失败: Error 61 connecting to localhost:6379. Connection refused.
INFO:     127.0.0.1:49328 - "GET /api/v1/loops/2/runs?page_size=10 HTTP/1.1" 200 OK
INFO:     127.0.0.1:49277 - "GET /api/v1/loops/2 HTTP/1.1" 200 OK
Redis 查询黑名单失败: Error 61 connecting to localhost:6379. Connection refused.
INFO:     127.0.0.1:49326 - "GET /api/v1/loops/2/runs?page_size=10 HTTP/1.1" 200 OK
Redis 查询黑名单失败: Error 61 connecting to localhost:6379. Connection refused.
INFO:     127.0.0.1:49326 - "GET /api/v1/circuit-breaker/status HTTP/1.1" 200 OK
Redis 查询黑名单失败: Error 61 connecting to localhost:6379. Connection refused.
Redis 查询黑名单失败: Error 61 connecting to localhost:6379. Connection refused.
INFO:     127.0.0.1:49391 - "GET /api/v1/circuit-breaker/status HTTP/1.1" 200 OK
INFO:     127.0.0.1:49393 - "GET /api/v1/loops HTTP/1.1" 200 OK
Redis 查询黑名单失败: Error 61 connecting to localhost:6379. Connection refused.
Redis 查询黑名单失败: Error 61 connecting to localhost:6379. Connection refused.
INFO:     127.0.0.1:49399 - "GET /api/v1/circuit-breaker/status HTTP/1.1" 200 OK
INFO:     127.0.0.1:49391 - "GET /api/v1/loops HTTP/1.1" 200 OK
INFO:     127.0.0.1:49391 - "OPTIONS /api/v1/loops/2/resume HTTP/1.1" 200 OK
Redis 查询黑名单失败: Error 61 connecting to localhost:6379. Connection refused.
INFO:     127.0.0.1:49399 - "POST /api/v1/loops/2/resume HTTP/1.1" 200 OK
Redis 查询黑名单失败: Error 61 connecting to localhost:6379. Connection refused.
Redis 查询黑名单失败: Error 61 connecting to localhost:6379. Connection refused.
INFO:     127.0.0.1:49449 - "GET /api/v1/loops/2 HTTP/1.1" 200 OK
Redis 查询黑名单失败: Error 61 connecting to localhost:6379. Connection refused.
INFO:     127.0.0.1:49451 - "GET /api/v1/loops/2/runs?page_size=10 HTTP/1.1" 200 OK
Redis 查询黑名单失败: Error 61 connecting to localhost:6379. Connection refused.
INFO:     127.0.0.1:49459 - "GET /api/v1/loops/2 HTTP/1.1" 200 OK
INFO:     127.0.0.1:49449 - "GET /api/v1/loops/2/runs?page_size=10 HTTP/1.1" 200 OK
Redis 查询黑名单失败: Error 61 connecting to localhost:6379. Connection refused.
INFO:     127.0.0.1:49449 - "GET /api/v1/circuit-breaker/status HTTP/1.1" 200 OK
Redis 查询黑名单失败: Error 61 connecting to localhost:6379. Connection refused.
Redis 查询黑名单失败: Error 61 connecting to localhost:6379. Connection refused.
INFO:     127.0.0.1:49449 - "GET /api/v1/circuit-breaker/status HTTP/1.1" 200 OK
INFO:     127.0.0.1:49459 - "GET /api/v1/loops HTTP/1.1" 200 OK
Redis 查询黑名单失败: Error 61 connecting to localhost:6379. Connection refused.
Redis 查询黑名单失败: Error 61 connecting to localhost:6379. Connection refused.
INFO:     127.0.0.1:49451 - "GET /api/v1/circuit-breaker/status HTTP/1.1" 200 OK
INFO:     127.0.0.1:49449 - "GET /api/v1/loops HTTP/1.1" 200 OK
Redis 查询黑名单失败: Error 61 connecting to localhost:6379. Connection refused.
Redis 查询黑名单失败: Error 61 connecting to localhost:6379. Connection refused.
INFO:     127.0.0.1:49449 - "GET /api/v1/circuit-breaker/status HTTP/1.1" 200 OK
Redis 查询黑名单失败: Error 61 connecting to localhost:6379. Connection refused.
INFO:     127.0.0.1:49451 - "GET /api/v1/loops HTTP/1.1" 200 OK
INFO:     127.0.0.1:49459 - "GET /api/v1/circuit-breaker/status HTTP/1.1" 200 OK
Redis 查询黑名单失败: Error 61 connecting to localhost:6379. Connection refused.
INFO:     127.0.0.1:49449 - "GET /api/v1/loops HTTP/1.1" 200 OK
Redis 查询黑名单失败: Error 61 connecting to localhost:6379. Connection refused.
INFO:     127.0.0.1:49449 - "POST /api/v1/loops/2/resume HTTP/1.1" 200 OK
Redis 查询黑名单失败: Error 61 connecting to localhost:6379. Connection refused.
Redis 查询黑名单失败: Error 61 connecting to localhost:6379. Connection refused.
INFO:     127.0.0.1:49449 - "GET /api/v1/circuit-breaker/status HTTP/1.1" 200 OK
INFO:     127.0.0.1:49459 - "GET /api/v1/loops HTTP/1.1" 200 OK
Redis 查询黑名单失败: Error 61 connecting to localhost:6379. Connection refused.
Redis 查询黑名单失败: Error 61 connecting to localhost:6379. Connection refused.
INFO:     127.0.0.1:49451 - "GET /api/v1/circuit-breaker/status HTTP/1.1" 200 OK
INFO:     127.0.0.1:49449 - "GET /api/v1/loops HTTP/1.1" 200 OK
INFO:     127.0.0.1:49449 - "OPTIONS /api/v1/agents?page=1&page_size=50 HTTP/1.1" 200 OK
INFO:     127.0.0.1:49451 - "OPTIONS /api/v1/agents?page=1&page_size=50 HTTP/1.1" 200 OK
Redis 查询黑名单失败: Error 61 connecting to localhost:6379. Connection refused.
INFO:     127.0.0.1:49459 - "GET /api/v1/agents?page=1&page_size=50 HTTP/1.1" 200 OK
Redis 查询黑名单失败: Error 61 connecting to localhost:6379. Connection refused.
INFO:     127.0.0.1:49451 - "GET /api/v1/agents?page=1&page_size=50 HTTP/1.1" 200 OK
INFO:     127.0.0.1:49607 - "OPTIONS /api/v1/memories?agent_id=3&memory_type=&page=1&page_size=50 HTTP/1.1" 200 OK
Redis 查询黑名单失败: Error 61 connecting to localhost:6379. Connection refused.
Redis 查询黑名单失败: Error 61 connecting to localhost:6379. Connection refused.
INFO:     127.0.0.1:49606 - "GET /api/v1/circuit-breaker/status HTTP/1.1" 200 OK
INFO:     127.0.0.1:49607 - "GET /api/v1/memories?agent_id=3&memory_type=&page=1&page_size=50 HTTP/1.1" 200 OK
Redis 查询黑名单失败: Error 61 connecting to localhost:6379. Connection refused.
INFO:     127.0.0.1:49656 - "GET /api/v1/circuit-breaker/status HTTP/1.1" 200 OK
INFO:     127.0.0.1:49699 - "OPTIONS /api/v1/memories/49?agent_id=3 HTTP/1.1" 200 OK
INFO:     127.0.0.1:49700 - "OPTIONS /api/v1/memories/49?agent_id=3 HTTP/1.1" 200 OK
Redis 查询黑名单失败: Error 61 connecting to localhost:6379. Connection refused.
INFO:     127.0.0.1:49702 - "GET /api/v1/memories/49?agent_id=3 HTTP/1.1" 200 OK
Redis 查询黑名单失败: Error 61 connecting to localhost:6379. Connection refused.
INFO:     127.0.0.1:49700 - "GET /api/v1/memories/49?agent_id=3 HTTP/1.1" 200 OK
Redis 查询黑名单失败: Error 61 connecting to localhost:6379. Connection refused.
INFO:     127.0.0.1:49700 - "GET /api/v1/circuit-breaker/status HTTP/1.1" 200 OK
Redis 查询黑名单失败: Error 61 connecting to localhost:6379. Connection refused.
INFO:     127.0.0.1:49768 - "GET /api/v1/circuit-breaker/status HTTP/1.1" 200 OK
Redis 查询黑名单失败: Error 61 connecting to localhost:6379. Connection refused.
INFO:     127.0.0.1:49823 - "GET /api/v1/circuit-breaker/status HTTP/1.1" 200 OK
Redis 查询黑名单失败: Error 61 connecting to localhost:6379. Connection refused.
INFO:     127.0.0.1:49872 - "GET /api/v1/circuit-breaker/status HTTP/1.1" 200 OK
Redis 查询黑名单失败: Error 61 connecting to localhost:6379. Connection refused.
Redis 查询黑名单失败: Error 61 connecting to localhost:6379. Connection refused.
INFO:     127.0.0.1:49923 - "GET /api/v1/circuit-breaker/status HTTP/1.1" 200 OK
INFO:     127.0.0.1:49925 - "GET /api/v1/agents?page=1&page_size=50 HTTP/1.1" 200 OK
Redis 查询黑名单失败: Error 61 connecting to localhost:6379. Connection refused.
Redis 查询黑名单失败: Error 61 connecting to localhost:6379. Connection refused.
INFO:     127.0.0.1:49931 - "GET /api/v1/circuit-breaker/status HTTP/1.1" 200 OK
INFO:     127.0.0.1:49933 - "GET /api/v1/agents?page=1&page_size=50 HTTP/1.1" 200 OK
Redis 查询黑名单失败: Error 61 connecting to localhost:6379. Connection refused.
INFO:     127.0.0.1:49933 - "GET /api/v1/memories?agent_id=3&memory_type=&page=1&page_size=50 HTTP/1.1" 200 OK
Redis 查询黑名单失败: Error 61 connecting to localhost:6379. Connection refused.
INFO:     127.0.0.1:49988 - "GET /api/v1/circuit-breaker/status HTTP/1.1" 200 OK
Redis 查询黑名单失败: Error 61 connecting to localhost:6379. Connection refused.
INFO:     127.0.0.1:50043 - "GET /api/v1/circuit-breaker/status HTTP/1.1" 200 OK
Redis 查询黑名单失败: Error 61 connecting to localhost:6379. Connection refused.
INFO:     127.0.0.1:50043 - "GET /api/v1/loops HTTP/1.1" 200 OK
Redis 查询黑名单失败: Error 61 connecting to localhost:6379. Connection refused.
INFO:     127.0.0.1:50043 - "GET /api/v1/loops HTTP/1.1" 200 OK
Redis 查询黑名单失败: Error 61 connecting to localhost:6379. Connection refused.
INFO:     127.0.0.1:50071 - "GET /api/v1/circuit-breaker/status HTTP/1.1" 200 OK
INFO:     127.0.0.1:50124 - "OPTIONS /api/v1/alerts?status=active&level=&page=1&page_size=50 HTTP/1.1" 200 OK
INFO:     127.0.0.1:50125 - "OPTIONS /api/v1/alerts?status=active&level=&page=1&page_size=50 HTTP/1.1" 200 OK
Redis 查询黑名单失败: Error 61 connecting to localhost:6379. Connection refused.
INFO:     127.0.0.1:50127 - "GET /api/v1/alerts?status=active&level=&page=1&page_size=50 HTTP/1.1" 200 OK
Redis 查询黑名单失败: Error 61 connecting to localhost:6379. Connection refused.
INFO:     127.0.0.1:50125 - "GET /api/v1/alerts?status=active&level=&page=1&page_size=50 HTTP/1.1" 200 OK
Redis 查询黑名单失败: Error 61 connecting to localhost:6379. Connection refused.
INFO:     127.0.0.1:50125 - "GET /api/v1/circuit-breaker/status HTTP/1.1" 200 OK
INFO:     127.0.0.1:50125 - "OPTIONS /api/v1/alerts/4 HTTP/1.1" 200 OK
INFO:     127.0.0.1:50178 - "OPTIONS /api/v1/alerts/4 HTTP/1.1" 200 OK
Redis 查询黑名单失败: Error 61 connecting to localhost:6379. Connection refused.
INFO:     127.0.0.1:50180 - "GET /api/v1/alerts/4 HTTP/1.1" 200 OK
Redis 查询黑名单失败: Error 61 connecting to localhost:6379. Connection refused.
INFO:     127.0.0.1:50178 - "GET /api/v1/alerts/4 HTTP/1.1" 200 OK
Redis 查询黑名单失败: Error 61 connecting to localhost:6379. Connection refused.
INFO:     127.0.0.1:50178 - "GET /api/v1/work-orders?page=1&page_size=20 HTTP/1.1" 200 OK
Redis 查询黑名单失败: Error 61 connecting to localhost:6379. Connection refused.
INFO:     127.0.0.1:50180 - "GET /api/v1/work-orders?page=1&page_size=20 HTTP/1.1" 200 OK
Redis 查询黑名单失败: Error 61 connecting to localhost:6379. Connection refused.
INFO:     127.0.0.1:50180 - "GET /api/v1/circuit-breaker/status HTTP/1.1" 200 OK
Redis 查询黑名单失败: Error 61 connecting to localhost:6379. Connection refused.
INFO:     127.0.0.1:50255 - "GET /api/v1/work-orders/54 HTTP/1.1" 200 OK
Redis 查询黑名单失败: Error 61 connecting to localhost:6379. Connection refused.
INFO:     127.0.0.1:50261 - "GET /api/v1/work-orders/54 HTTP/1.1" 200 OK
Redis 查询黑名单失败: Error 61 connecting to localhost:6379. Connection refused.
INFO:     127.0.0.1:50261 - "GET /api/v1/circuit-breaker/status HTTP/1.1" 200 OK
Redis 查询黑名单失败: Error 61 connecting to localhost:6379. Connection refused.
INFO:     127.0.0.1:50261 - "GET /api/v1/work-orders?page=1&page_size=20 HTTP/1.1" 200 OK
Redis 查询黑名单失败: Error 61 connecting to localhost:6379. Connection refused.
INFO:     127.0.0.1:50255 - "GET /api/v1/work-orders?page=1&page_size=20 HTTP/1.1" 200 OK
Redis 查询黑名单失败: Error 61 connecting to localhost:6379. Connection refused.
INFO:     127.0.0.1:50255 - "GET /api/v1/agents HTTP/1.1" 200 OK
Redis 查询黑名单失败: Error 61 connecting to localhost:6379. Connection refused.
INFO:     127.0.0.1:50261 - "GET /api/v1/agents HTTP/1.1" 200 OK
Redis 查询黑名单失败: Error 61 connecting to localhost:6379. Connection refused.
INFO:     127.0.0.1:50261 - "GET /api/v1/customers?keyword=&page=1&page_size=50 HTTP/1.1" 200 OK
Redis 查询黑名单失败: Error 61 connecting to localhost:6379. Connection refused.
INFO:     127.0.0.1:50255 - "GET /api/v1/customers?keyword=&page=1&page_size=50 HTTP/1.1" 200 OK
Redis 查询黑名单失败: Error 61 connecting to localhost:6379. Connection refused.
Redis 查询黑名单失败: Error 61 connecting to localhost:6379. Connection refused.
Redis 查询黑名单失败: Error 61 connecting to localhost:6379. Connection refused.
Redis 查询黑名单失败: Error 61 connecting to localhost:6379. Connection refused.
Redis 查询黑名单失败: Error 61 connecting to localhost:6379. Connection refused.
Redis 查询黑名单失败: Error 61 connecting to localhost:6379. Connection refused.
INFO:     127.0.0.1:50261 - "GET /api/v1/dashboard/sales-trend?days=30 HTTP/1.1" 200 OK
INFO:     127.0.0.1:50329 - "GET /api/v1/dashboard/efficiency?days=30 HTTP/1.1" 200 OK
INFO:     127.0.0.1:50327 - "GET /api/v1/dashboard/agent-activity?days=7 HTTP/1.1" 200 OK
INFO:     127.0.0.1:50325 - "GET /api/v1/dashboard/inventory-trend?days=30 HTTP/1.1" 200 OK
INFO:     127.0.0.1:50255 - "GET /api/v1/dashboard/overview?days=7 HTTP/1.1" 200 OK
INFO:     127.0.0.1:50331 - "GET /api/v1/work-orders?status=pending&page_size=5 HTTP/1.1" 200 OK
Redis 查询黑名单失败: Error 61 connecting to localhost:6379. Connection refused.
Redis 查询黑名单失败: Error 61 connecting to localhost:6379. Connection refused.
Redis 查询黑名单失败: Error 61 connecting to localhost:6379. Connection refused.
Redis 查询黑名单失败: Error 61 connecting to localhost:6379. Connection refused.
Redis 查询黑名单失败: Error 61 connecting to localhost:6379. Connection refused.
Redis 查询黑名单失败: Error 61 connecting to localhost:6379. Connection refused.
INFO:     127.0.0.1:50325 - "GET /api/v1/dashboard/agent-activity?days=7 HTTP/1.1" 200 OK
INFO:     127.0.0.1:50327 - "GET /api/v1/dashboard/efficiency?days=30 HTTP/1.1" 200 OK
INFO:     127.0.0.1:50329 - "GET /api/v1/dashboard/sales-trend?days=30 HTTP/1.1" 200 OK
INFO:     127.0.0.1:50255 - "GET /api/v1/dashboard/inventory-trend?days=30 HTTP/1.1" 200 OK
INFO:     127.0.0.1:50261 - "GET /api/v1/alerts?status=active&page_size=5 HTTP/1.1" 200 OK
Redis 查询黑名单失败: Error 61 connecting to localhost:6379. Connection refused.
INFO:     127.0.0.1:50331 - "GET /api/v1/dashboard/overview?days=7 HTTP/1.1" 200 OK
Redis 查询黑名单失败: Error 61 connecting to localhost:6379. Connection refused.
INFO:     127.0.0.1:50329 - "GET /api/v1/work-orders?status=pending&page_size=5 HTTP/1.1" 200 OK
INFO:     127.0.0.1:50255 - "GET /api/v1/alerts?status=active&page_size=5 HTTP/1.1" 200 OK
Redis 查询黑名单失败: Error 61 connecting to localhost:6379. Connection refused.
INFO:     127.0.0.1:50255 - "GET /api/v1/circuit-breaker/status HTTP/1.1" 200 OK
Redis 查询黑名单失败: Error 61 connecting to localhost:6379. Connection refused.
INFO:     127.0.0.1:50255 - "GET /api/v1/products?keyword=&status=&page=1&page_size=20 HTTP/1.1" 200 OK
Redis 查询黑名单失败: Error 61 connecting to localhost:6379. Connection refused.
INFO:     127.0.0.1:50255 - "GET /api/v1/products?keyword=&status=&page=1&page_size=20 HTTP/1.1" 200 OK
Redis 查询黑名单失败: Error 61 connecting to localhost:6379. Connection refused.
INFO:     127.0.0.1:50408 - "GET /api/v1/circuit-breaker/status HTTP/1.1" 200 OK
Redis 查询黑名单失败: Error 61 connecting to localhost:6379. Connection refused.
INFO:     127.0.0.1:50408 - "GET /api/v1/inventory?keyword=&status=&page=1&page_size=50 HTTP/1.1" 200 OK
Redis 查询黑名单失败: Error 61 connecting to localhost:6379. Connection refused.
INFO:     127.0.0.1:50408 - "GET /api/v1/inventory?keyword=&status=&page=1&page_size=50 HTTP/1.1" 200 OK
Redis 查询黑名单失败: Error 61 connecting to localhost:6379. Connection refused.
INFO:     127.0.0.1:50458 - "GET /api/v1/circuit-breaker/status HTTP/1.1" 200 OK
Redis 查询黑名单失败: Error 61 connecting to localhost:6379. Connection refused.
INFO:     127.0.0.1:50458 - "GET /api/v1/inventory?keyword=&status=&page=1&page_size=50 HTTP/1.1" 200 OK
Redis 查询黑名单失败: Error 61 connecting to localhost:6379. Connection refused.
INFO:     127.0.0.1:50458 - "GET /api/v1/inventory?keyword=&status=&page=1&page_size=50 HTTP/1.1" 200 OK
Redis 查询黑名单失败: Error 61 connecting to localhost:6379. Connection refused.
INFO:     127.0.0.1:50504 - "GET /api/v1/circuit-breaker/status HTTP/1.1" 200 OK
Redis 查询黑名单失败: Error 61 connecting to localhost:6379. Connection refused.
INFO:     127.0.0.1:50597 - "GET /api/v1/circuit-breaker/status HTTP/1.1" 200 OK
Redis 查询黑名单失败: Error 61 connecting to localhost:6379. Connection refused.
INFO:     127.0.0.1:50645 - "GET /api/v1/circuit-breaker/status HTTP/1.1" 200 OK
INFO:     127.0.0.1:50645 - "OPTIONS /api/v1/inventory/adjust HTTP/1.1" 200 OK
Redis 查询黑名单失败: Error 61 connecting to localhost:6379. Connection refused.
INFO:     127.0.0.1:50645 - "POST /api/v1/inventory/adjust HTTP/1.1" 422 Unprocessable Entity
Redis 查询黑名单失败: Error 61 connecting to localhost:6379. Connection refused.
INFO:     127.0.0.1:50657 - "POST /api/v1/inventory/adjust HTTP/1.1" 422 Unprocessable Entity
Redis 查询黑名单失败: Error 61 connecting to localhost:6379. Connection refused.
INFO:     127.0.0.1:50657 - "GET /api/v1/circuit-breaker/status HTTP/1.1" 200 OK
Redis 查询黑名单失败: Error 61 connecting to localhost:6379. Connection refused.
INFO:     127.0.0.1:50749 - "GET /api/v1/circuit-breaker/status HTTP/1.1" 200 OK
Redis 查询黑名单失败: Error 61 connecting to localhost:6379. Connection refused.
INFO:     127.0.0.1:50749 - "POST /api/v1/inventory/adjust HTTP/1.1" 422 Unprocessable Entity
Redis 查询黑名单失败: Error 61 connecting to localhost:6379. Connection refused.
INFO:     127.0.0.1:50749 - "GET /api/v1/orders?order_no=&status=&page=1&page_size=20 HTTP/1.1" 200 OK
Redis 查询黑名单失败: Error 61 connecting to localhost:6379. Connection refused.
INFO:     127.0.0.1:50749 - "GET /api/v1/orders?order_no=&status=&page=1&page_size=20 HTTP/1.1" 200 OK
Redis 查询黑名单失败: Error 61 connecting to localhost:6379. Connection refused.
INFO:     127.0.0.1:50749 - "GET /api/v1/circuit-breaker/status HTTP/1.1" 200 OK
Redis 查询黑名单失败: Error 61 connecting to localhost:6379. Connection refused.
INFO:     127.0.0.1:50785 - "GET /api/v1/customers?keyword=&page=1&page_size=50 HTTP/1.1" 200 OK
Redis 查询黑名单失败: Error 61 connecting to localhost:6379. Connection refused.
INFO:     127.0.0.1:50785 - "GET /api/v1/customers?keyword=&page=1&page_size=50 HTTP/1.1" 200 OK
Redis 查询黑名单失败: Error 61 connecting to localhost:6379. Connection refused.
INFO:     127.0.0.1:50785 - "GET /api/v1/agents HTTP/1.1" 200 OK
Redis 查询黑名单失败: Error 61 connecting to localhost:6379. Connection refused.
INFO:     127.0.0.1:50833 - "GET /api/v1/agents HTTP/1.1" 200 OK
Redis 查询黑名单失败: Error 61 connecting to localhost:6379. Connection refused.
INFO:     127.0.0.1:50833 - "GET /api/v1/circuit-breaker/status HTTP/1.1" 200 OK
Redis 查询黑名单失败: Error 61 connecting to localhost:6379. Connection refused.
INFO:     127.0.0.1:50890 - "GET /api/v1/agents/3/sessions?status=active&page=1&page_size=20 HTTP/1.1" 200 OK
Redis 查询黑名单失败: Error 61 connecting to localhost:6379. Connection refused.
Redis 查询黑名单失败: Error 61 connecting to localhost:6379. Connection refused.
INFO:     127.0.0.1:50894 - "GET /api/v1/agents/3/sessions?status=active&page=1&page_size=20 HTTP/1.1" 200 OK
INFO:     127.0.0.1:50890 - "GET /api/v1/agents/sessions/58/messages?page=1&page_size=50 HTTP/1.1" 200 OK
Redis 查询黑名单失败: Error 61 connecting to localhost:6379. Connection refused.
INFO:     127.0.0.1:50890 - "GET /api/v1/circuit-breaker/status HTTP/1.1" 200 OK
Redis 查询黑名单失败: Error 61 connecting to localhost:6379. Connection refused.
INFO:     127.0.0.1:50971 - "GET /api/v1/circuit-breaker/status HTTP/1.1" 200 OK
Redis 查询黑名单失败: Error 61 connecting to localhost:6379. Connection refused.
INFO:     127.0.0.1:51023 - "GET /api/v1/circuit-breaker/status HTTP/1.1" 200 OK
Redis 查询黑名单失败: Error 61 connecting to localhost:6379. Connection refused.
INFO:     127.0.0.1:51072 - "GET /api/v1/circuit-breaker/status HTTP/1.1" 200 OK
Redis 查询黑名单失败: Error 61 connecting to localhost:6379. Connection refused.
INFO:     127.0.0.1:51127 - "GET /api/v1/circuit-breaker/status HTTP/1.1" 200 OK
Redis 查询黑名单失败: Error 61 connecting to localhost:6379. Connection refused.
INFO:     127.0.0.1:51173 - "GET /api/v1/circuit-breaker/status HTTP/1.1" 200 OK
Redis 查询黑名单失败: Error 61 connecting to localhost:6379. Connection refused.
INFO:     127.0.0.1:51256 - "GET /api/v1/circuit-breaker/status HTTP/1.1" 200 OK
Redis 查询黑名单失败: Error 61 connecting to localhost:6379. Connection refused.
INFO:     127.0.0.1:51345 - "GET /api/v1/circuit-breaker/status HTTP/1.1" 200 OK
Redis 查询黑名单失败: Error 61 connecting to localhost:6379. Connection refused.
INFO:     127.0.0.1:51402 - "GET /api/v1/circuit-breaker/status HTTP/1.1" 200 OK
Redis 查询黑名单失败: Error 61 connecting to localhost:6379. Connection refused.
INFO:     127.0.0.1:51457 - "GET /api/v1/circuit-breaker/status HTTP/1.1" 200 OK
Redis 查询黑名单失败: Error 61 connecting to localhost:6379. Connection refused.
INFO:     127.0.0.1:51502 - "GET /api/v1/circuit-breaker/status HTTP/1.1" 200 OK
Redis 查询黑名单失败: Error 61 connecting to localhost:6379. Connection refused.
INFO:     127.0.0.1:51739 - "GET /api/v1/circuit-breaker/status HTTP/1.1" 200 OK
INFO:     127.0.0.1:51989 - "OPTIONS /api/v1/circuit-breaker/status HTTP/1.1" 200 OK
Redis 查询黑名单失败: Error 61 connecting to localhost:6379. Connection refused.
INFO:     127.0.0.1:51989 - "GET /api/v1/circuit-breaker/status HTTP/1.1" 200 OK
Redis 查询黑名单失败: Error 61 connecting to localhost:6379. Connection refused.
INFO:     127.0.0.1:52241 - "GET /api/v1/circuit-breaker/status HTTP/1.1" 200 OK
Redis 查询黑名单失败: Error 61 connecting to localhost:6379. Connection refused.
INFO:     127.0.0.1:52495 - "GET /api/v1/circuit-breaker/status HTTP/1.1" 200 OK
